sport,game_id,book,home_team,away_team,home_team_odds,away_team_odds,date_time,home_break_even,away_break_even,home_novig,away_novig,home_novig_avg,away_novig_avg,home_edge,away_edge
NBA,a916ee7696fde8f1a82e214c36a04b9a,betmgm,Denver Nuggets,Orlando Magic,,,2025-02-06 22:03:21.931521,,,,,,,,
NBA,39da2a6da9ab2746b1ff9f320f9f5a14,betmgm,Los Angeles Lakers,Golden State Warriors,-3000.0,1150.0,2025-02-06 22:03:21.931521,96.77,8.0,92.36,7.64,92.91,7.09,-3.86,-0.91
NBA,b3df91f1d79355a68f8aa279f17e2a3e,betmgm,Portland Trail Blazers,Sacramento Kings,-185.0,145.0,2025-02-06 22:03:21.931521,64.91,40.82,61.39,38.61,60.89,39.11,-4.02,-1.71
NBA,0dd68311a8617606a6956cd6e511fd9e,betmgm,Los Angeles Clippers,Indiana Pacers,-750.0,475.0,2025-02-06 22:03:21.931521,88.24,17.39,83.54,16.46,82.47,17.53,-5.77,0.14
NBA,c8310e046f80bf6292c633aff61cffdb,betmgm,Charlotte Hornets,San Antonio Spurs,450.0,-625.0,2025-02-06 22:03:21.931521,18.18,86.21,17.42,82.58,17.71,82.29,-0.47,-3.92
NBA,f592f9667df5d2b96f41a71c90cddf39,betmgm,Washington Wizards,Cleveland Cavaliers,1000.0,-2000.0,2025-02-06 22:03:21.931521,9.09,95.24,8.71,91.29,9.32,90.68,0.23,-4.56
NBA,9a5a6098686e727ed1ed46d6dfc879ca,betmgm,Atlanta Hawks,Milwaukee Bucks,180.0,-220.0,2025-02-06 22:03:21.931521,35.71,68.75,34.19,65.81,34.7,65.3,-1.01,-3.45
NBA,2ee31055f5cc3975abda3f49017b550e,betmgm,Brooklyn Nets,Miami Heat,220.0,-275.0,2025-02-06 22:03:21.931521,31.25,73.33,29.88,70.12,30.15,69.85,-1.1,-3.48
NBA,78e03cf799710b90c7e8b9af3bb4d1d1,betmgm,Detroit Pistons,Philadelphia 76ers,115.0,-140.0,2025-02-06 22:03:21.931521,46.51,58.33,44.36,55.64,44.8,55.2,-1.71,-3.13
NBA,5c962a5ad947d385ee524f36970a8ce4,betmgm,Oklahoma City Thunder,Toronto Raptors,-3000.0,1250.0,2025-02-06 22:03:21.931521,96.77,7.41,92.89,7.11,91.95,8.05,-4.82,0.64
NBA,984ea4c49b7729eb8269618e77e99b27,betmgm,Phoenix Suns,Utah Jazz,,,2025-02-06 22:03:21.931521,,,,,72.38,27.62,,
NBA,8c5dfc09221b32ad1835ce0e5c426454,betmgm,Los Angeles Lakers,Dallas Mavericks,,,2025-02-06 22:03:21.931521,,,,,63.56,36.44,,
NBA,f880e059bbee7b5b9e4af4d17bcee511,betmgm,Sacramento Kings,San Antonio Spurs,,,2025-02-06 22:03:21.931521,,,,,54.27,45.73,,
NBA,0e1dde121b5be88b7c95e744d43c877f,betmgm,Miami Heat,Golden State Warriors,,,2025-02-06 22:03:21.931521,,,,,51.08,48.92,,
NBA,a916ee7696fde8f1a82e214c36a04b9a,fliff,Denver Nuggets,Orlando Magic,,,2025-02-06 22:03:21.931521,,,,,,,,
NBA,39da2a6da9ab2746b1ff9f320f9f5a14,fliff,Los Angeles Lakers,Golden State Warriors,-5005.0,1015.0,2025-02-06 22:03:21.931521,98.04,8.97,91.62,8.38,92.91,7.09,-5.13,-1.88
NBA,b3df91f1d79355a68f8aa279f17e2a3e,fliff,Portland Trail Blazers,Sacramento Kings,-175.0,125.0,2025-02-06 22:03:21.931521,63.64,44.44,58.88,41.12,60.89,39.11,-2.75,-5.33
NBA,0dd68311a8617606a6956cd6e511fd9e,fliff,Los Angeles Clippers,Indiana Pacers,-350.0,230.0,2025-02-06 22:03:21.931521,77.78,30.3,71.97,28.03,82.47,17.53,4.69,-12.77
NBA,c8310e046f80bf6292c633aff61cffdb,fliff,Charlotte Hornets,San Antonio Spurs,430.0,-705.0,2025-02-06 22:03:21.931521,18.87,87.58,17.73,82.27,17.71,82.29,-1.16,-5.29
NBA,f592f9667df5d2b96f41a71c90cddf39,fliff,Washington Wizards,Cleveland Cavaliers,935.0,-2195.0,2025-02-06 22:03:21.931521,9.66,95.64,9.17,90.83,9.32,90.68,-0.34,-4.96
NBA,9a5a6098686e727ed1ed46d6dfc879ca,fliff,Atlanta Hawks,Milwaukee Bucks,170.0,-230.0,2025-02-06 22:03:21.931521,37.04,69.7,34.7,65.3,34.7,65.3,-2.34,-4.4
NBA,2ee31055f5cc3975abda3f49017b550e,fliff,Brooklyn Nets,Miami Heat,215.0,-295.0,2025-02-06 22:03:21.931521,31.75,74.68,29.83,70.17,30.15,69.85,-1.6,-4.83
NBA,78e03cf799710b90c7e8b9af3bb4d1d1,fliff,Detroit Pistons,Philadelphia 76ers,110.0,-145.0,2025-02-06 22:03:21.931521,47.62,59.18,44.59,55.41,44.8,55.2,-2.82,-3.98
NBA,5c962a5ad947d385ee524f36970a8ce4,fliff,Oklahoma City Thunder,Toronto Raptors,-2850.0,1075.0,2025-02-06 22:03:21.931521,96.61,8.51,91.9,8.1,91.95,8.05,-4.66,-0.46
NBA,984ea4c49b7729eb8269618e77e99b27,fliff,Phoenix Suns,Utah Jazz,-330.0,235.0,2025-02-06 22:03:21.931521,76.74,29.85,72.0,28.0,72.38,27.62,-4.36,-2.23
NBA,8c5dfc09221b32ad1835ce0e5c426454,fliff,Los Angeles Lakers,Dallas Mavericks,,,2025-02-06 22:03:21.931521,,,,,63.56,36.44,,
NBA,f880e059bbee7b5b9e4af4d17bcee511,fliff,Sacramento Kings,San Antonio Spurs,,,2025-02-06 22:03:21.931521,,,,,54.27,45.73,,
NBA,0e1dde121b5be88b7c95e744d43c877f,fliff,Miami Heat,Golden State Warriors,,,2025-02-06 22:03:21.931521,,,,,51.08,48.92,,
NBA,a916ee7696fde8f1a82e214c36a04b9a,bovada,Denver Nuggets,Orlando Magic,,,2025-02-06 22:03:21.931521,,,,,,,,
NBA,39da2a6da9ab2746b1ff9f320f9f5a14,bovada,Los Angeles Lakers,Golden State Warriors,,,2025-02-06 22:03:21.931521,,,,,92.91,7.09,,
NBA,b3df91f1d79355a68f8aa279f17e2a3e,bovada,Portland Trail Blazers,Sacramento Kings,-185.0,140.0,2025-02-06 22:03:21.931521,64.91,41.67,60.9,39.1,60.89,39.11,-4.02,-2.56
NBA,0dd68311a8617606a6956cd6e511fd9e,bovada,Los Angeles Clippers,Indiana Pacers,-750.0,450.0,2025-02-06 22:03:21.931521,88.24,18.18,82.92,17.08,82.47,17.53,-5.77,-0.65
NBA,c8310e046f80bf6292c633aff61cffdb,bovada,Charlotte Hornets,San Antonio Spurs,425.0,-600.0,2025-02-06 22:03:21.931521,19.05,85.71,18.18,81.82,17.71,82.29,-1.34,-3.42
NBA,f592f9667df5d2b96f41a71c90cddf39,bovada,Washington Wizards,Cleveland Cavaliers,800.0,-1600.0,2025-02-06 22:03:21.931521,11.11,94.12,10.56,89.44,9.32,90.68,-1.79,-3.44
NBA,9a5a6098686e727ed1ed46d6dfc879ca,bovada,Atlanta Hawks,Milwaukee Bucks,180.0,-220.0,2025-02-06 22:03:21.931521,35.71,68.75,34.19,65.81,34.7,65.3,-1.01,-3.45
NBA,2ee31055f5cc3975abda3f49017b550e,bovada,Brooklyn Nets,Miami Heat,215.0,-260.0,2025-02-06 22:03:21.931521,31.75,72.22,30.54,69.46,30.15,69.85,-1.6,-2.37
NBA,78e03cf799710b90c7e8b9af3bb4d1d1,bovada,Detroit Pistons,Philadelphia 76ers,120.0,-140.0,2025-02-06 22:03:21.931521,45.45,58.33,43.79,56.21,44.8,55.2,-0.65,-3.13
NBA,5c962a5ad947d385ee524f36970a8ce4,bovada,Oklahoma City Thunder,Toronto Raptors,-2500.0,1050.0,2025-02-06 22:03:21.931521,96.15,8.7,91.7,8.3,91.95,8.05,-4.2,-0.65
NBA,984ea4c49b7729eb8269618e77e99b27,bovada,Phoenix Suns,Utah Jazz,,,2025-02-06 22:03:21.931521,,,,,72.38,27.62,,
NBA,8c5dfc09221b32ad1835ce0e5c426454,bovada,Los Angeles Lakers,Dallas Mavericks,-195.0,165.0,2025-02-06 22:03:21.931521,66.1,37.74,63.66,36.34,63.56,36.44,-2.54,-1.3
NBA,f880e059bbee7b5b9e4af4d17bcee511,bovada,Sacramento Kings,San Antonio Spurs,,,2025-02-06 22:03:21.931521,,,,,54.27,45.73,,
NBA,0e1dde121b5be88b7c95e744d43c877f,bovada,Miami Heat,Golden State Warriors,,,2025-02-06 22:03:21.931521,,,,,51.08,48.92,,
NBA,a916ee7696fde8f1a82e214c36a04b9a,draftkings,Denver Nuggets,Orlando Magic,,,2025-02-06 22:03:21.931521,,,,,,,,
NBA,39da2a6da9ab2746b1ff9f320f9f5a14,draftkings,Los Angeles Lakers,Golden State Warriors,-3500.0,1400.0,2025-02-06 22:03:21.931521,97.22,6.67,93.58,6.42,92.91,7.09,-4.31,0.42
NBA,b3df91f1d79355a68f8aa279f17e2a3e,draftkings,Portland Trail Blazers,Sacramento Kings,-188.0,145.0,2025-02-06 22:03:21.931521,65.28,40.82,61.53,38.47,60.89,39.11,-4.39,-1.71
NBA,0dd68311a8617606a6956cd6e511fd9e,draftkings,Los Angeles Clippers,Indiana Pacers,-850.0,520.0,2025-02-06 22:03:21.931521,89.47,16.13,84.73,15.27,82.47,17.53,-7.0,1.4
NBA,c8310e046f80bf6292c633aff61cffdb,draftkings,Charlotte Hornets,San Antonio Spurs,440.0,-600.0,2025-02-06 22:03:21.931521,18.52,85.71,17.77,82.23,17.71,82.29,-0.81,-3.42
NBA,f592f9667df5d2b96f41a71c90cddf39,draftkings,Washington Wizards,Cleveland Cavaliers,900.0,-1600.0,2025-02-06 22:03:21.931521,10.0,94.12,9.6,90.4,9.32,90.68,-0.68,-3.44
NBA,9a5a6098686e727ed1ed46d6dfc879ca,draftkings,Atlanta Hawks,Milwaukee Bucks,170.0,-205.0,2025-02-06 22:03:21.931521,37.04,67.21,35.53,64.47,34.7,65.3,-2.34,-1.91
NBA,2ee31055f5cc3975abda3f49017b550e,draftkings,Brooklyn Nets,Miami Heat,220.0,-270.0,2025-02-06 22:03:21.931521,31.25,72.97,29.98,70.02,30.15,69.85,-1.1,-3.12
NBA,78e03cf799710b90c7e8b9af3bb4d1d1,draftkings,Detroit Pistons,Philadelphia 76ers,110.0,-130.0,2025-02-06 22:03:21.931521,47.62,56.52,45.73,54.27,44.8,55.2,-2.82,-1.32
NBA,5c962a5ad947d385ee524f36970a8ce4,draftkings,Oklahoma City Thunder,Toronto Raptors,-1800.0,1000.0,2025-02-06 22:03:21.931521,94.74,9.09,91.25,8.75,91.95,8.05,-2.79,-1.04
NBA,984ea4c49b7729eb8269618e77e99b27,draftkings,Phoenix Suns,Utah Jazz,-310.0,250.0,2025-02-06 22:03:21.931521,75.61,28.57,72.58,27.42,72.38,27.62,-3.23,-0.95
NBA,8c5dfc09221b32ad1835ce0e5c426454,draftkings,Los Angeles Lakers,Dallas Mavericks,-198.0,164.0,2025-02-06 22:03:21.931521,66.44,37.88,63.69,36.31,63.56,36.44,-2.88,-1.44
NBA,f880e059bbee7b5b9e4af4d17bcee511,draftkings,Sacramento Kings,San Antonio Spurs,-130.0,110.0,2025-02-06 22:03:21.931521,56.52,47.62,54.27,45.73,54.27,45.73,-2.25,-1.89
NBA,0e1dde121b5be88b7c95e744d43c877f,draftkings,Miami Heat,Golden State Warriors,-115.0,-105.0,2025-02-06 22:03:21.931521,53.49,51.22,51.08,48.92,51.08,48.92,-2.41,-2.3
NBA,a916ee7696fde8f1a82e214c36a04b9a,fanduel,Denver Nuggets,Orlando Magic,,,2025-02-06 22:03:21.931521,,,,,,,,
NBA,39da2a6da9ab2746b1ff9f320f9f5a14,fanduel,Los Angeles Lakers,Golden State Warriors,-5000.0,1200.0,2025-02-06 22:03:21.931521,98.04,7.69,92.73,7.27,92.91,7.09,-5.13,-0.6
NBA,b3df91f1d79355a68f8aa279f17e2a3e,fanduel,Portland Trail Blazers,Sacramento Kings,-172.0,134.0,2025-02-06 22:03:21.931521,63.24,42.74,59.67,40.33,60.89,39.11,-2.35,-3.63
NBA,0dd68311a8617606a6956cd6e511fd9e,fanduel,Los Angeles Clippers,Indiana Pacers,-900.0,520.0,2025-02-06 22:03:21.931521,90.0,16.13,84.8,15.2,82.47,17.53,-7.53,1.4
NBA,c8310e046f80bf6292c633aff61cffdb,fanduel,Charlotte Hornets,San Antonio Spurs,450.0,-600.0,2025-02-06 22:03:21.931521,18.18,85.71,17.5,82.5,17.71,82.29,-0.47,-3.42
NBA,f592f9667df5d2b96f41a71c90cddf39,fanduel,Washington Wizards,Cleveland Cavaliers,1040.0,-2000.0,2025-02-06 22:03:21.931521,8.77,95.24,8.43,91.57,9.32,90.68,0.55,-4.56
NBA,9a5a6098686e727ed1ed46d6dfc879ca,fanduel,Atlanta Hawks,Milwaukee Bucks,180.0,-215.0,2025-02-06 22:03:21.931521,35.71,68.25,34.35,65.65,34.7,65.3,-1.01,-2.95
NBA,2ee31055f5cc3975abda3f49017b550e,fanduel,Brooklyn Nets,Miami Heat,220.0,-270.0,2025-02-06 22:03:21.931521,31.25,72.97,29.98,70.02,30.15,69.85,-1.1,-3.12
NBA,78e03cf799710b90c7e8b9af3bb4d1d1,fanduel,Detroit Pistons,Philadelphia 76ers,120.0,-142.0,2025-02-06 22:03:21.931521,45.45,58.68,43.65,56.35,44.8,55.2,-0.65,-3.48
NBA,5c962a5ad947d385ee524f36970a8ce4,fanduel,Oklahoma City Thunder,Toronto Raptors,-2500.0,1200.0,2025-02-06 22:03:21.931521,96.15,7.69,92.59,7.41,91.95,8.05,-4.2,0.36
NBA,984ea4c49b7729eb8269618e77e99b27,fanduel,Phoenix Suns,Utah Jazz,-300.0,245.0,2025-02-06 22:03:21.931521,75.0,28.99,72.12,27.88,72.38,27.62,-2.62,-1.37
NBA,8c5dfc09221b32ad1835ce0e5c426454,fanduel,Los Angeles Lakers,Dallas Mavericks,-198.0,166.0,2025-02-06 22:03:21.931521,66.44,37.59,63.87,36.13,63.56,36.44,-2.88,-1.15
NBA,f880e059bbee7b5b9e4af4d17bcee511,fanduel,Sacramento Kings,San Antonio Spurs,,,2025-02-06 22:03:21.931521,,,,,54.27,45.73,,
NBA,0e1dde121b5be88b7c95e744d43c877f,fanduel,Miami Heat,Golden State Warriors,,,2025-02-06 22:03:21.931521,,,,,51.08,48.92,,
NBA,a916ee7696fde8f1a82e214c36a04b9a,hardrockbet,Denver Nuggets,Orlando Magic,,,2025-02-06 22:03:21.931521,,,,,,,,
NBA,39da2a6da9ab2746b1ff9f320f9f5a14,hardrockbet,Los Angeles Lakers,Golden State Warriors,-4000.0,1300.0,2025-02-06 22:03:21.931521,97.56,7.14,93.18,6.82,92.91,7.09,-4.65,-0.05
NBA,b3df91f1d79355a68f8aa279f17e2a3e,hardrockbet,Portland Trail Blazers,Sacramento Kings,-180.0,150.0,2025-02-06 22:03:21.931521,64.29,40.0,61.65,38.35,60.89,39.11,-3.4,-0.89
NBA,0dd68311a8617606a6956cd6e511fd9e,hardrockbet,Los Angeles Clippers,Indiana Pacers,-700.0,475.0,2025-02-06 22:03:21.931521,87.5,17.39,83.42,16.58,82.47,17.53,-5.03,0.14
NBA,c8310e046f80bf6292c633aff61cffdb,hardrockbet,Charlotte Hornets,San Antonio Spurs,425.0,-600.0,2025-02-06 22:03:21.931521,19.05,85.71,18.18,81.82,17.71,82.29,-1.34,-3.42
NBA,f592f9667df5d2b96f41a71c90cddf39,hardrockbet,Washington Wizards,Cleveland Cavaliers,850.0,-1600.0,2025-02-06 22:03:21.931521,10.53,94.12,10.06,89.94,9.32,90.68,-1.21,-3.44
NBA,9a5a6098686e727ed1ed46d6dfc879ca,hardrockbet,Atlanta Hawks,Milwaukee Bucks,170.0,-220.0,2025-02-06 22:03:21.931521,37.04,68.75,35.01,64.99,34.7,65.3,-2.34,-3.45
NBA,2ee31055f5cc3975abda3f49017b550e,hardrockbet,Brooklyn Nets,Miami Heat,200.0,-275.0,2025-02-06 22:03:21.931521,33.33,73.33,31.25,68.75,30.15,69.85,-3.18,-3.48
NBA,78e03cf799710b90c7e8b9af3bb4d1d1,hardrockbet,Detroit Pistons,Philadelphia 76ers,110.0,-130.0,2025-02-06 22:03:21.931521,47.62,56.52,45.73,54.27,44.8,55.2,-2.82,-1.32
NBA,5c962a5ad947d385ee524f36970a8ce4,hardrockbet,Oklahoma City Thunder,Toronto Raptors,-2000.0,1000.0,2025-02-06 22:03:21.931521,95.24,9.09,91.29,8.71,91.95,8.05,-3.29,-1.04
NBA,984ea4c49b7729eb8269618e77e99b27,hardrockbet,Phoenix Suns,Utah Jazz,-325.0,250.0,2025-02-06 22:03:21.931521,76.47,28.57,72.8,27.2,72.38,27.62,-4.09,-0.95
NBA,8c5dfc09221b32ad1835ce0e5c426454,hardrockbet,Los Angeles Lakers,Dallas Mavericks,,,2025-02-06 22:03:21.931521,,,,,63.56,36.44,,
NBA,f880e059bbee7b5b9e4af4d17bcee511,hardrockbet,Sacramento Kings,San Antonio Spurs,,,2025-02-06 22:03:21.931521,,,,,54.27,45.73,,
NBA,0e1dde121b5be88b7c95e744d43c877f,hardrockbet,Miami Heat,Golden State Warriors,,,2025-02-06 22:03:21.931521,,,,,51.08,48.92,,
NBA,a916ee7696fde8f1a82e214c36a04b9a,betonlineag,Denver Nuggets,Orlando Magic,,,2025-02-06 22:03:21.931521,,,,,,,,
NBA,39da2a6da9ab2746b1ff9f320f9f5a14,betonlineag,Los Angeles Lakers,Golden State Warriors,,,2025-02-06 22:03:21.931521,,,,,92.91,7.09,,
NBA,b3df91f1d79355a68f8aa279f17e2a3e,betonlineag,Portland Trail Blazers,Sacramento Kings,,,2025-02-06 22:03:21.931521,,,,,60.89,39.11,,
NBA,0dd68311a8617606a6956cd6e511fd9e,betonlineag,Los Angeles Clippers,Indiana Pacers,,,2025-02-06 22:03:21.931521,,,,,82.47,17.53,,
NBA,c8310e046f80bf6292c633aff61cffdb,betonlineag,Charlotte Hornets,San Antonio Spurs,,,2025-02-06 22:03:21.931521,,,,,17.71,82.29,,
NBA,f592f9667df5d2b96f41a71c90cddf39,betonlineag,Washington Wizards,Cleveland Cavaliers,,,2025-02-06 22:03:21.931521,,,,,9.32,90.68,,
NBA,9a5a6098686e727ed1ed46d6dfc879ca,betonlineag,Atlanta Hawks,Milwaukee Bucks,,,2025-02-06 22:03:21.931521,,,,,34.7,65.3,,
NBA,2ee31055f5cc3975abda3f49017b550e,betonlineag,Brooklyn Nets,Miami Heat,,,2025-02-06 22:03:21.931521,,,,,30.15,69.85,,
NBA,78e03cf799710b90c7e8b9af3bb4d1d1,betonlineag,Detroit Pistons,Philadelphia 76ers,,,2025-02-06 22:03:21.931521,,,,,44.8,55.2,,
NBA,5c962a5ad947d385ee524f36970a8ce4,betonlineag,Oklahoma City Thunder,Toronto Raptors,,,2025-02-06 22:03:21.931521,,,,,91.95,8.05,,
NBA,984ea4c49b7729eb8269618e77e99b27,betonlineag,Phoenix Suns,Utah Jazz,,,2025-02-06 22:03:21.931521,,,,,72.38,27.62,,
NBA,8c5dfc09221b32ad1835ce0e5c426454,betonlineag,Los Angeles Lakers,Dallas Mavericks,,,2025-02-06 22:03:21.931521,,,,,63.56,36.44,,
NBA,f880e059bbee7b5b9e4af4d17bcee511,betonlineag,Sacramento Kings,San Antonio Spurs,,,2025-02-06 22:03:21.931521,,,,,54.27,45.73,,
NBA,0e1dde121b5be88b7c95e744d43c877f,betonlineag,Miami Heat,Golden State Warriors,,,2025-02-06 22:03:21.931521,,,,,51.08,48.92,,
NBA,a916ee7696fde8f1a82e214c36a04b9a,espnbet,Denver Nuggets,Orlando Magic,,,2025-02-06 22:03:21.931521,,,,,,,,
NBA,39da2a6da9ab2746b1ff9f320f9f5a14,espnbet,Los Angeles Lakers,Golden State Warriors,-5000.0,1500.0,2025-02-06 22:03:21.931521,98.04,6.25,94.01,5.99,92.91,7.09,-5.13,0.84
NBA,b3df91f1d79355a68f8aa279f17e2a3e,espnbet,Portland Trail Blazers,Sacramento Kings,-180.0,140.0,2025-02-06 22:03:21.931521,64.29,41.67,60.67,39.33,60.89,39.11,-3.4,-2.56
NBA,0dd68311a8617606a6956cd6e511fd9e,espnbet,Los Angeles Clippers,Indiana Pacers,-800.0,475.0,2025-02-06 22:03:21.931521,88.89,17.39,83.64,16.36,82.47,17.53,-6.42,0.14
NBA,c8310e046f80bf6292c633aff61cffdb,espnbet,Charlotte Hornets,San Antonio Spurs,450.0,-700.0,2025-02-06 22:03:21.931521,18.18,87.5,17.2,82.8,17.71,82.29,-0.47,-5.21
NBA,f592f9667df5d2b96f41a71c90cddf39,espnbet,Washington Wizards,Cleveland Cavaliers,1000.0,-2000.0,2025-02-06 22:03:21.931521,9.09,95.24,8.71,91.29,9.32,90.68,0.23,-4.56
NBA,9a5a6098686e727ed1ed46d6dfc879ca,espnbet,Atlanta Hawks,Milwaukee Bucks,175.0,-210.0,2025-02-06 22:03:21.931521,36.36,67.74,34.93,65.07,34.7,65.3,-1.66,-2.44
NBA,2ee31055f5cc3975abda3f49017b550e,espnbet,Brooklyn Nets,Miami Heat,225.0,-275.0,2025-02-06 22:03:21.931521,30.77,73.33,29.56,70.44,30.15,69.85,-0.62,-3.48
NBA,78e03cf799710b90c7e8b9af3bb4d1d1,espnbet,Detroit Pistons,Philadelphia 76ers,110.0,-130.0,2025-02-06 22:03:21.931521,47.62,56.52,45.73,54.27,44.8,55.2,-2.82,-1.32
NBA,5c962a5ad947d385ee524f36970a8ce4,espnbet,Oklahoma City Thunder,Toronto Raptors,-2500.0,1100.0,2025-02-06 22:03:21.931521,96.15,8.33,92.03,7.97,91.95,8.05,-4.2,-0.28
NBA,984ea4c49b7729eb8269618e77e99b27,espnbet,Phoenix Suns,Utah Jazz,-300.0,250.0,2025-02-06 22:03:21.931521,75.0,28.57,72.41,27.59,72.38,27.62,-2.62,-0.95
NBA,8c5dfc09221b32ad1835ce0e5c426454,espnbet,Los Angeles Lakers,Dallas Mavericks,-190.0,160.0,2025-02-06 22:03:21.931521,65.52,38.46,63.01,36.99,63.56,36.44,-1.96,-2.02
NBA,f880e059bbee7b5b9e4af4d17bcee511,espnbet,Sacramento Kings,San Antonio Spurs,-130.0,110.0,2025-02-06 22:03:21.931521,56.52,47.62,54.27,45.73,54.27,45.73,-2.25,-1.89
NBA,0e1dde121b5be88b7c95e744d43c877f,espnbet,Miami Heat,Golden State Warriors,,,2025-02-06 22:03:21.931521,,,,,51.08,48.92,,
NBA,a916ee7696fde8f1a82e214c36a04b9a,betus,Denver Nuggets,Orlando Magic,,,2025-02-06 22:03:21.931521,,,,,,,,
NBA,39da2a6da9ab2746b1ff9f320f9f5a14,betus,Los Angeles Lakers,Golden State Warriors,,,2025-02-06 22:03:21.931521,,,,,92.91,7.09,,
NBA,b3df91f1d79355a68f8aa279f17e2a3e,betus,Portland Trail Blazers,Sacramento Kings,,,2025-02-06 22:03:21.931521,,,,,60.89,39.11,,
NBA,0dd68311a8617606a6956cd6e511fd9e,betus,Los Angeles Clippers,Indiana Pacers,,,2025-02-06 22:03:21.931521,,,,,82.47,17.53,,
NBA,c8310e046f80bf6292c633aff61cffdb,betus,Charlotte Hornets,San Antonio Spurs,,,2025-02-06 22:03:21.931521,,,,,17.71,82.29,,
NBA,f592f9667df5d2b96f41a71c90cddf39,betus,Washington Wizards,Cleveland Cavaliers,,,2025-02-06 22:03:21.931521,,,,,9.32,90.68,,
NBA,9a5a6098686e727ed1ed46d6dfc879ca,betus,Atlanta Hawks,Milwaukee Bucks,,,2025-02-06 22:03:21.931521,,,,,34.7,65.3,,
NBA,2ee31055f5cc3975abda3f49017b550e,betus,Brooklyn Nets,Miami Heat,,,2025-02-06 22:03:21.931521,,,,,30.15,69.85,,
NBA,78e03cf799710b90c7e8b9af3bb4d1d1,betus,Detroit Pistons,Philadelphia 76ers,,,2025-02-06 22:03:21.931521,,,,,44.8,55.2,,
NBA,5c962a5ad947d385ee524f36970a8ce4,betus,Oklahoma City Thunder,Toronto Raptors,,,2025-02-06 22:03:21.931521,,,,,91.95,8.05,,
NBA,984ea4c49b7729eb8269618e77e99b27,betus,Phoenix Suns,Utah Jazz,,,2025-02-06 22:03:21.931521,,,,,72.38,27.62,,
NBA,8c5dfc09221b32ad1835ce0e5c426454,betus,Los Angeles Lakers,Dallas Mavericks,,,2025-02-06 22:03:21.931521,,,,,63.56,36.44,,
NBA,f880e059bbee7b5b9e4af4d17bcee511,betus,Sacramento Kings,San Antonio Spurs,,,2025-02-06 22:03:21.931521,,,,,54.27,45.73,,
NBA,0e1dde121b5be88b7c95e744d43c877f,betus,Miami Heat,Golden State Warriors,,,2025-02-06 22:03:21.931521,,,,,51.08,48.92,,
NBA,a916ee7696fde8f1a82e214c36a04b9a,betrivers,Denver Nuggets,Orlando Magic,,,2025-02-06 22:03:21.931521,,,,,,,,
NBA,39da2a6da9ab2746b1ff9f320f9f5a14,betrivers,Los Angeles Lakers,Golden State Warriors,,,2025-02-06 22:03:21.931521,,,,,92.91,7.09,,
NBA,b3df91f1d79355a68f8aa279f17e2a3e,betrivers,Portland Trail Blazers,Sacramento Kings,-195.0,143.0,2025-02-06 22:03:21.931521,66.1,41.15,61.63,38.37,60.89,39.11,-5.21,-2.04
NBA,0dd68311a8617606a6956cd6e511fd9e,betrivers,Los Angeles Clippers,Indiana Pacers,-835.0,450.0,2025-02-06 22:03:21.931521,89.3,18.18,83.09,16.91,82.47,17.53,-6.83,-0.65
NBA,c8310e046f80bf6292c633aff61cffdb,betrivers,Charlotte Hornets,San Antonio Spurs,,,2025-02-06 22:03:21.931521,,,,,17.71,82.29,,
NBA,f592f9667df5d2b96f41a71c90cddf39,betrivers,Washington Wizards,Cleveland Cavaliers,,,2025-02-06 22:03:21.931521,,,,,9.32,90.68,,
NBA,9a5a6098686e727ed1ed46d6dfc879ca,betrivers,Atlanta Hawks,Milwaukee Bucks,,,2025-02-06 22:03:21.931521,,,,,34.7,65.3,,
NBA,2ee31055f5cc3975abda3f49017b550e,betrivers,Brooklyn Nets,Miami Heat,,,2025-02-06 22:03:21.931521,,,,,30.15,69.85,,
NBA,78e03cf799710b90c7e8b9af3bb4d1d1,betrivers,Detroit Pistons,Philadelphia 76ers,,,2025-02-06 22:03:21.931521,,,,,44.8,55.2,,
NBA,5c962a5ad947d385ee524f36970a8ce4,betrivers,Oklahoma City Thunder,Toronto Raptors,,,2025-02-06 22:03:21.931521,,,,,91.95,8.05,,
NBA,984ea4c49b7729eb8269618e77e99b27,betrivers,Phoenix Suns,Utah Jazz,,,2025-02-06 22:03:21.931521,,,,,72.38,27.62,,
NBA,8c5dfc09221b32ad1835ce0e5c426454,betrivers,Los Angeles Lakers,Dallas Mavericks,,,2025-02-06 22:03:21.931521,,,,,63.56,36.44,,
NBA,f880e059bbee7b5b9e4af4d17bcee511,betrivers,Sacramento Kings,San Antonio Spurs,,,2025-02-06 22:03:21.931521,,,,,54.27,45.73,,
NBA,0e1dde121b5be88b7c95e744d43c877f,betrivers,Miami Heat,Golden State Warriors,,,2025-02-06 22:03:21.931521,,,,,51.08,48.92,,
NBA,a916ee7696fde8f1a82e214c36a04b9a,ballybet,Denver Nuggets,Orlando Magic,,,2025-02-06 22:03:21.931521,,,,,,,,
NBA,39da2a6da9ab2746b1ff9f320f9f5a14,ballybet,Los Angeles Lakers,Golden State Warriors,,,2025-02-06 22:03:21.931521,,,,,92.91,7.09,,
NBA,b3df91f1d79355a68f8aa279f17e2a3e,ballybet,Portland Trail Blazers,Sacramento Kings,-186.0,148.0,2025-02-06 22:03:21.931521,65.03,40.32,61.73,38.27,60.89,39.11,-4.14,-1.21
NBA,0dd68311a8617606a6956cd6e511fd9e,ballybet,Los Angeles Clippers,Indiana Pacers,-770.0,500.0,2025-02-06 22:03:21.931521,88.51,16.67,84.15,15.85,82.47,17.53,-6.04,0.86
NBA,c8310e046f80bf6292c633aff61cffdb,ballybet,Charlotte Hornets,San Antonio Spurs,,,2025-02-06 22:03:21.931521,,,,,17.71,82.29,,
NBA,f592f9667df5d2b96f41a71c90cddf39,ballybet,Washington Wizards,Cleveland Cavaliers,,,2025-02-06 22:03:21.931521,,,,,9.32,90.68,,
NBA,9a5a6098686e727ed1ed46d6dfc879ca,ballybet,Atlanta Hawks,Milwaukee Bucks,,,2025-02-06 22:03:21.931521,,,,,34.7,65.3,,
NBA,2ee31055f5cc3975abda3f49017b550e,ballybet,Brooklyn Nets,Miami Heat,,,2025-02-06 22:03:21.931521,,,,,30.15,69.85,,
NBA,78e03cf799710b90c7e8b9af3bb4d1d1,ballybet,Detroit Pistons,Philadelphia 76ers,,,2025-02-06 22:03:21.931521,,,,,44.8,55.2,,
NBA,5c962a5ad947d385ee524f36970a8ce4,ballybet,Oklahoma City Thunder,Toronto Raptors,,,2025-02-06 22:03:21.931521,,,,,91.95,8.05,,
NBA,984ea4c49b7729eb8269618e77e99b27,ballybet,Phoenix Suns,Utah Jazz,,,2025-02-06 22:03:21.931521,,,,,72.38,27.62,,
NBA,8c5dfc09221b32ad1835ce0e5c426454,ballybet,Los Angeles Lakers,Dallas Mavericks,,,2025-02-06 22:03:21.931521,,,,,63.56,36.44,,
NBA,f880e059bbee7b5b9e4af4d17bcee511,ballybet,Sacramento Kings,San Antonio Spurs,,,2025-02-06 22:03:21.931521,,,,,54.27,45.73,,
NBA,0e1dde121b5be88b7c95e744d43c877f,ballybet,Miami Heat,Golden State Warriors,,,2025-02-06 22:03:21.931521,,,,,51.08,48.92,,
NCAAB,d9f90ffa800147a5b71c578a124cd22f,betmgm,Utah Tech Trailblazers,Abilene Christian Wildcats,,,2025-02-06 22:03:22.218807,,,,,,,,
NCAAB,9d25c1fc86a0e3699261ca0f883d04f4,betmgm,Tenn-Martin Skyhawks,Lindenwood Lions,,,2025-02-06 22:03:22.218807,,,,,65.06,34.94,,
NCAAB,c6962db1d2054fb2f64c034f4122b9b0,betmgm,Gonzaga Bulldogs,Loyola Marymount Lions,,,2025-02-06 22:03:22.218807,,,,,,,,
NCAAB,ce1ec61e7cca36f6536c8da39bfa9a43,betmgm,Eastern Washington Eagles,Sacramento St Hornets,-2000.0,850.0,2025-02-06 22:03:22.218807,95.24,10.53,90.04,9.96,73.34,26.66,-21.9,16.13
NCAAB,a8a955d9e27e412901e2879f7b83afd1,betmgm,Denver Pioneers,South Dakota Coyotes,3300.0,-10000.0,2025-02-06 22:03:22.218807,2.94,99.01,2.88,97.12,5.54,94.46,2.6,-4.55
NCAAB,457ecb627b559c09c6ff167c2456e49c,betmgm,UNC Asheville Bulldogs,Gardner-Webb Bulldogs,-10000.0,3300.0,2025-02-06 22:03:22.218807,99.01,2.94,97.12,2.88,96.45,3.55,-2.56,0.61
NCAAB,77a0689fa63576f4472864f1668c2760,betmgm,San Francisco Dons,Saint Mary's Gaels,-235.0,185.0,2025-02-06 22:03:22.218807,70.15,35.09,66.66,33.34,70.9,29.1,0.75,-5.99
NCAAB,a0f644a17c835d9b6f9e602042670dca,betmgm,CSU Bakersfield Roadrunners,UC Santa Barbara Gauchos,625.0,-1100.0,2025-02-06 22:03:22.218807,13.79,91.67,13.08,86.92,12.04,87.96,-1.75,-3.71
NCAAB,af0aa676fc80b99e1dd4578087952efa,betmgm,Pacific Tigers,San Diego Toreros,-120.0,-102.0,2025-02-06 22:03:22.218807,54.55,50.5,51.93,48.07,51.65,48.35,-2.9,-2.15
NCAAB,18da51245b432dc473891eee8d67e7ad,betmgm,Seattle Redhawks,Tarleton State Texans,-10000.0,1850.0,2025-02-06 22:03:22.218807,99.01,5.13,95.07,4.93,96.0,4.0,-3.01,-1.13
NCAAB,a5b005b38b8e289f8a3b2b5310fa5f0e,betmgm,Cal Poly Mustangs,Hawai'i Rainbow Warriors,-120.0,-102.0,2025-02-06 22:03:22.218807,54.55,50.5,51.93,48.07,49.25,50.75,-5.3,0.25
NCAAB,035fd833bb584ebe20149559ba67c041,betmgm,CSU Northridge Matadors,CSU Fullerton Titans,-10000.0,2200.0,2025-02-06 22:03:22.218807,99.01,4.35,95.79,4.21,96.58,3.42,-2.43,-0.93
NCAAB,84313ea8d2ff7e8e6836073dd4d2a318,betmgm,UC San Diego Tritons,UC Riverside Highlanders,-650.0,450.0,2025-02-06 22:03:22.218807,86.67,18.18,82.66,17.34,82.96,17.04,-3.71,-1.14
NCAAB,ff2aabf65bba23e1e33df069f354c07c,betmgm,Long Beach St 49ers,UC Davis Aggies,110.0,-140.0,2025-02-06 22:03:22.218807,47.62,58.33,44.95,55.05,45.6,54.4,-2.02,-3.93
NCAAB,ed56898315b4b626638775ad4bce187b,betmgm,Portland Pilots,Santa Clara Broncos,1300.0,-5000.0,2025-02-06 22:03:22.218807,7.14,98.04,6.79,93.21,5.87,94.13,-1.27,-3.91
NCAAB,6c74299ec226ef6af381c081e8023341,betmgm,Cal Baptist Lancers,Southern Utah Thunderbirds,-210.0,165.0,2025-02-06 22:03:22.218807,67.74,37.74,64.22,35.78,64.13,35.87,-3.61,-1.87
NCAAB,faacbed24080f5b7f3e9a746a229a58e,betmgm,Tennessee Tech Golden Eagles,SIU-Edwardsville Cougars,340.0,-475.0,2025-02-06 22:03:22.218807,22.73,82.61,21.58,78.42,23.28,76.72,0.55,-5.89
NCAAB,7fec38717762065f5614261404888f04,betmgm,Oregon St Beavers,Washington St Cougars,-250.0,200.0,2025-02-06 22:03:22.218807,71.43,33.33,68.18,31.82,69.29,30.71,-2.14,-2.62
NCAAB,594809e71a2a1c1beb3ad1cd406d70ec,betmgm,Dayton Flyers,VCU Rams,110.0,-135.0,2025-02-06 22:03:22.218807,47.62,57.45,45.32,54.68,45.89,54.11,-1.73,-3.34
NCAAB,cf615e2c869e2c64b01f158665b11f50,betmgm,Pennsylvania Quakers,Princeton Tigers,260.0,-325.0,2025-02-06 22:03:22.218807,27.78,76.47,26.65,73.35,27.32,72.68,-0.46,-3.79
NCAAB,2d0123ebbafe3fab20ed38d78368d3e2,betmgm,Purdue Boilermakers,USC Trojans,-1000.0,650.0,2025-02-06 22:03:22.218807,90.91,13.33,87.21,12.79,87.11,12.89,-3.8,-0.44
NCAAB,c1ac9e5a13e4fc4736da7c098b59df12,betmgm,UConn Huskies,St. John's Red Storm,-145.0,118.0,2025-02-06 22:03:22.218807,59.18,45.87,56.34,43.66,55.64,44.36,-3.54,-1.51
NCAAB,efeb146e101201006d7d7f9618424b20,betmgm,Boise State Broncos,San José St Spartans,-1000.0,650.0,2025-02-06 22:03:22.218807,90.91,13.33,87.21,12.79,87.17,12.83,-3.74,-0.5
NCAAB,1e87e39951b9e3d34caf54ef53ec6a98,betmgm,Saint Joseph's Hawks,Saint Louis Billikens,-235.0,195.0,2025-02-06 22:03:22.218807,70.15,33.9,67.42,32.58,66.65,33.35,-3.5,-0.55
NCAAB,1ddf39195e1b0c9e3aa07b0076da62d6,betmgm,Fresno St Bulldogs,Utah State Aggies,550.0,-800.0,2025-02-06 22:03:22.218807,15.38,88.89,14.75,85.25,14.37,85.63,-1.01,-3.26
NCAAB,b4a08ed398e9c0d72468a7154d6e70ce,betmgm,Kansas St Wildcats,Kansas Jayhawks,,,2025-02-06 22:03:22.218807,,,,,36.56,63.44,,
NCAAB,47d2c8c50c01497753114dc72588d841,betmgm,Auburn Tigers,Florida Gators,,,2025-02-06 22:03:22.218807,,,,,78.36,21.64,,
NCAAB,677cc4c66e4d0d55a76cb6faba6e795a,betmgm,Clemson Tigers,Duke Blue Devils,,,2025-02-06 22:03:22.218807,,,,,28.56,71.44,,
NCAAB,d9f90ffa800147a5b71c578a124cd22f,fliff,Utah Tech Trailblazers,Abilene Christian Wildcats,,,2025-02-06 22:03:22.218807,,,,,,,,
NCAAB,9d25c1fc86a0e3699261ca0f883d04f4,fliff,Tenn-Martin Skyhawks,Lindenwood Lions,-255.0,185.0,2025-02-06 22:03:22.218807,71.83,35.09,67.18,32.82,65.06,34.94,-6.77,-0.15
NCAAB,c6962db1d2054fb2f64c034f4122b9b0,fliff,Gonzaga Bulldogs,Loyola Marymount Lions,,,2025-02-06 22:03:22.218807,,,,,,,,
NCAAB,ce1ec61e7cca36f6536c8da39bfa9a43,fliff,Eastern Washington Eagles,Sacramento St Hornets,-290.0,190.0,2025-02-06 22:03:22.218807,74.36,34.48,68.32,31.68,73.34,26.66,-1.02,-7.82
NCAAB,a8a955d9e27e412901e2879f7b83afd1,fliff,Denver Pioneers,South Dakota Coyotes,925.0,-3495.0,2025-02-06 22:03:22.218807,9.76,97.22,9.12,90.88,5.54,94.46,-4.22,-2.76
NCAAB,457ecb627b559c09c6ff167c2456e49c,fliff,UNC Asheville Bulldogs,Gardner-Webb Bulldogs,,,2025-02-06 22:03:22.218807,,,,,96.45,3.55,,
NCAAB,77a0689fa63576f4472864f1668c2760,fliff,San Francisco Dons,Saint Mary's Gaels,-430.0,290.0,2025-02-06 22:03:22.218807,81.13,25.64,75.99,24.01,70.9,29.1,-10.23,3.46
NCAAB,a0f644a17c835d9b6f9e602042670dca,fliff,CSU Bakersfield Roadrunners,UC Santa Barbara Gauchos,625.0,-1370.0,2025-02-06 22:03:22.218807,13.79,93.2,12.89,87.11,12.04,87.96,-1.75,-5.24
NCAAB,af0aa676fc80b99e1dd4578087952efa,fliff,Pacific Tigers,San Diego Toreros,,,2025-02-06 22:03:22.218807,,,,,51.65,48.35,,
NCAAB,18da51245b432dc473891eee8d67e7ad,fliff,Seattle Redhawks,Tarleton State Texans,,,2025-02-06 22:03:22.218807,,,,,96.0,4.0,,
NCAAB,a5b005b38b8e289f8a3b2b5310fa5f0e,fliff,Cal Poly Mustangs,Hawai'i Rainbow Warriors,105.0,-140.0,2025-02-06 22:03:22.218807,48.78,58.33,45.54,54.46,49.25,50.75,0.47,-7.58
NCAAB,035fd833bb584ebe20149559ba67c041,fliff,CSU Northridge Matadors,CSU Fullerton Titans,,,2025-02-06 22:03:22.218807,,,,,96.58,3.42,,
NCAAB,84313ea8d2ff7e8e6836073dd4d2a318,fliff,UC San Diego Tritons,UC Riverside Highlanders,,,2025-02-06 22:03:22.218807,,,,,82.96,17.04,,
NCAAB,ff2aabf65bba23e1e33df069f354c07c,fliff,Long Beach St 49ers,UC Davis Aggies,105.0,-140.0,2025-02-06 22:03:22.218807,48.78,58.33,45.54,54.46,45.6,54.4,-3.18,-3.93
NCAAB,ed56898315b4b626638775ad4bce187b,fliff,Portland Pilots,Santa Clara Broncos,,,2025-02-06 22:03:22.218807,,,,,5.87,94.13,,
NCAAB,6c74299ec226ef6af381c081e8023341,fliff,Cal Baptist Lancers,Southern Utah Thunderbirds,-235.0,165.0,2025-02-06 22:03:22.218807,70.15,37.74,65.02,34.98,64.13,35.87,-6.02,-1.87
NCAAB,faacbed24080f5b7f3e9a746a229a58e,fliff,Tennessee Tech Golden Eagles,SIU-Edwardsville Cougars,270.0,-395.0,2025-02-06 22:03:22.218807,27.03,79.8,25.3,74.7,23.28,76.72,-3.75,-3.08
NCAAB,7fec38717762065f5614261404888f04,fliff,Oregon St Beavers,Washington St Cougars,-280.0,200.0,2025-02-06 22:03:22.218807,73.68,33.33,68.85,31.15,69.29,30.71,-4.39,-2.62
NCAAB,594809e71a2a1c1beb3ad1cd406d70ec,fliff,Dayton Flyers,VCU Rams,105.0,-145.0,2025-02-06 22:03:22.218807,48.78,59.18,45.18,54.82,45.89,54.11,-2.89,-5.07
NCAAB,cf615e2c869e2c64b01f158665b11f50,fliff,Pennsylvania Quakers,Princeton Tigers,245.0,-360.0,2025-02-06 22:03:22.218807,28.99,78.26,27.03,72.97,27.32,72.68,-1.67,-5.58
NCAAB,2d0123ebbafe3fab20ed38d78368d3e2,fliff,Purdue Boilermakers,USC Trojans,-1355.0,620.0,2025-02-06 22:03:22.218807,93.13,13.89,87.02,12.98,87.11,12.89,-6.02,-1.0
NCAAB,c1ac9e5a13e4fc4736da7c098b59df12,fliff,UConn Huskies,St. John's Red Storm,-145.0,110.0,2025-02-06 22:03:22.218807,59.18,47.62,55.41,44.59,55.64,44.36,-3.54,-3.26
NCAAB,efeb146e101201006d7d7f9618424b20,fliff,Boise State Broncos,San José St Spartans,-1295.0,605.0,2025-02-06 22:03:22.218807,92.83,14.18,86.75,13.25,87.17,12.83,-5.66,-1.35
NCAAB,1e87e39951b9e3d34caf54ef53ec6a98,fliff,Saint Joseph's Hawks,Saint Louis Billikens,-260.0,185.0,2025-02-06 22:03:22.218807,72.22,35.09,67.3,32.7,66.65,33.35,-5.57,-1.74
NCAAB,1ddf39195e1b0c9e3aa07b0076da62d6,fliff,Fresno St Bulldogs,Utah State Aggies,520.0,-1000.0,2025-02-06 22:03:22.218807,16.13,90.91,15.07,84.93,14.37,85.63,-1.76,-5.28
NCAAB,b4a08ed398e9c0d72468a7154d6e70ce,fliff,Kansas St Wildcats,Kansas Jayhawks,,,2025-02-06 22:03:22.218807,,,,,36.56,63.44,,
NCAAB,47d2c8c50c01497753114dc72588d841,fliff,Auburn Tigers,Florida Gators,,,2025-02-06 22:03:22.218807,,,,,78.36,21.64,,
NCAAB,677cc4c66e4d0d55a76cb6faba6e795a,fliff,Clemson Tigers,Duke Blue Devils,,,2025-02-06 22:03:22.218807,,,,,28.56,71.44,,
NCAAB,d9f90ffa800147a5b71c578a124cd22f,bovada,Utah Tech Trailblazers,Abilene Christian Wildcats,,,2025-02-06 22:03:22.218807,,,,,,,,
NCAAB,9d25c1fc86a0e3699261ca0f883d04f4,bovada,Tenn-Martin Skyhawks,Lindenwood Lions,,,2025-02-06 22:03:22.218807,,,,,65.06,34.94,,
NCAAB,c6962db1d2054fb2f64c034f4122b9b0,bovada,Gonzaga Bulldogs,Loyola Marymount Lions,,,2025-02-06 22:03:22.218807,,,,,,,,
NCAAB,ce1ec61e7cca36f6536c8da39bfa9a43,bovada,Eastern Washington Eagles,Sacramento St Hornets,-1000.0,550.0,2025-02-06 22:03:22.218807,90.91,15.38,85.53,14.47,73.34,26.66,-17.57,11.28
NCAAB,a8a955d9e27e412901e2879f7b83afd1,bovada,Denver Pioneers,South Dakota Coyotes,,,2025-02-06 22:03:22.218807,,,,,5.54,94.46,,
NCAAB,457ecb627b559c09c6ff167c2456e49c,bovada,UNC Asheville Bulldogs,Gardner-Webb Bulldogs,,,2025-02-06 22:03:22.218807,,,,,96.45,3.55,,
NCAAB,77a0689fa63576f4472864f1668c2760,bovada,San Francisco Dons,Saint Mary's Gaels,-175.0,135.0,2025-02-06 22:03:22.218807,63.64,42.55,59.93,40.07,70.9,29.1,7.26,-13.45
NCAAB,a0f644a17c835d9b6f9e602042670dca,bovada,CSU Bakersfield Roadrunners,UC Santa Barbara Gauchos,750.0,-1600.0,2025-02-06 22:03:22.218807,11.76,94.12,11.11,88.89,12.04,87.96,0.28,-6.16
NCAAB,af0aa676fc80b99e1dd4578087952efa,bovada,Pacific Tigers,San Diego Toreros,-120.0,-110.0,2025-02-06 22:03:22.218807,54.55,52.38,51.01,48.99,51.65,48.35,-2.9,-4.03
NCAAB,18da51245b432dc473891eee8d67e7ad,bovada,Seattle Redhawks,Tarleton State Texans,,,2025-02-06 22:03:22.218807,,,,,96.0,4.0,,
NCAAB,a5b005b38b8e289f8a3b2b5310fa5f0e,bovada,Cal Poly Mustangs,Hawai'i Rainbow Warriors,-110.0,-120.0,2025-02-06 22:03:22.218807,52.38,54.55,48.99,51.01,49.25,50.75,-3.13,-3.8
NCAAB,035fd833bb584ebe20149559ba67c041,bovada,CSU Northridge Matadors,CSU Fullerton Titans,,,2025-02-06 22:03:22.218807,,,,,96.58,3.42,,
NCAAB,84313ea8d2ff7e8e6836073dd4d2a318,bovada,UC San Diego Tritons,UC Riverside Highlanders,-800.0,475.0,2025-02-06 22:03:22.218807,88.89,17.39,83.64,16.36,82.96,17.04,-5.93,-0.35
NCAAB,ff2aabf65bba23e1e33df069f354c07c,bovada,Long Beach St 49ers,UC Davis Aggies,100.0,-130.0,2025-02-06 22:03:22.218807,50.0,56.52,46.94,53.06,45.6,54.4,-4.4,-2.12
NCAAB,ed56898315b4b626638775ad4bce187b,bovada,Portland Pilots,Santa Clara Broncos,,,2025-02-06 22:03:22.218807,,,,,5.87,94.13,,
NCAAB,6c74299ec226ef6af381c081e8023341,bovada,Cal Baptist Lancers,Southern Utah Thunderbirds,-225.0,170.0,2025-02-06 22:03:22.218807,69.23,37.04,65.15,34.85,64.13,35.87,-5.1,-1.17
NCAAB,faacbed24080f5b7f3e9a746a229a58e,bovada,Tennessee Tech Golden Eagles,SIU-Edwardsville Cougars,,,2025-02-06 22:03:22.218807,,,,,23.28,76.72,,
NCAAB,7fec38717762065f5614261404888f04,bovada,Oregon St Beavers,Washington St Cougars,-275.0,225.0,2025-02-06 22:03:22.218807,73.33,30.77,70.44,29.56,69.29,30.71,-4.04,-0.06
NCAAB,594809e71a2a1c1beb3ad1cd406d70ec,bovada,Dayton Flyers,VCU Rams,,,2025-02-06 22:03:22.218807,,,,,45.89,54.11,,
NCAAB,cf615e2c869e2c64b01f158665b11f50,bovada,Pennsylvania Quakers,Princeton Tigers,,,2025-02-06 22:03:22.218807,,,,,27.32,72.68,,
NCAAB,2d0123ebbafe3fab20ed38d78368d3e2,bovada,Purdue Boilermakers,USC Trojans,,,2025-02-06 22:03:22.218807,,,,,87.11,12.89,,
NCAAB,c1ac9e5a13e4fc4736da7c098b59df12,bovada,UConn Huskies,St. John's Red Storm,,,2025-02-06 22:03:22.218807,,,,,55.64,44.36,,
NCAAB,efeb146e101201006d7d7f9618424b20,bovada,Boise State Broncos,San José St Spartans,,,2025-02-06 22:03:22.218807,,,,,87.17,12.83,,
NCAAB,1e87e39951b9e3d34caf54ef53ec6a98,bovada,Saint Joseph's Hawks,Saint Louis Billikens,,,2025-02-06 22:03:22.218807,,,,,66.65,33.35,,
NCAAB,1ddf39195e1b0c9e3aa07b0076da62d6,bovada,Fresno St Bulldogs,Utah State Aggies,,,2025-02-06 22:03:22.218807,,,,,14.37,85.63,,
NCAAB,b4a08ed398e9c0d72468a7154d6e70ce,bovada,Kansas St Wildcats,Kansas Jayhawks,,,2025-02-06 22:03:22.218807,,,,,36.56,63.44,,
NCAAB,47d2c8c50c01497753114dc72588d841,bovada,Auburn Tigers,Florida Gators,,,2025-02-06 22:03:22.218807,,,,,78.36,21.64,,
NCAAB,677cc4c66e4d0d55a76cb6faba6e795a,bovada,Clemson Tigers,Duke Blue Devils,,,2025-02-06 22:03:22.218807,,,,,28.56,71.44,,
NCAAB,d9f90ffa800147a5b71c578a124cd22f,draftkings,Utah Tech Trailblazers,Abilene Christian Wildcats,,,2025-02-06 22:03:22.218807,,,,,,,,
NCAAB,9d25c1fc86a0e3699261ca0f883d04f4,draftkings,Tenn-Martin Skyhawks,Lindenwood Lions,210.0,-280.0,2025-02-06 22:03:22.218807,32.26,73.68,30.45,69.55,65.06,34.94,32.8,-38.74
NCAAB,c6962db1d2054fb2f64c034f4122b9b0,draftkings,Gonzaga Bulldogs,Loyola Marymount Lions,,,2025-02-06 22:03:22.218807,,,,,,,,
NCAAB,ce1ec61e7cca36f6536c8da39bfa9a43,draftkings,Eastern Washington Eagles,Sacramento St Hornets,-4000.0,1500.0,2025-02-06 22:03:22.218807,97.56,6.25,93.98,6.02,73.34,26.66,-24.22,20.41
NCAAB,a8a955d9e27e412901e2879f7b83afd1,draftkings,Denver Pioneers,South Dakota Coyotes,,,2025-02-06 22:03:22.218807,,,,,5.54,94.46,,
NCAAB,457ecb627b559c09c6ff167c2456e49c,draftkings,UNC Asheville Bulldogs,Gardner-Webb Bulldogs,,,2025-02-06 22:03:22.218807,,,,,96.45,3.55,,
NCAAB,77a0689fa63576f4472864f1668c2760,draftkings,San Francisco Dons,Saint Mary's Gaels,-920.0,550.0,2025-02-06 22:03:22.218807,90.2,15.38,85.43,14.57,70.9,29.1,-19.3,13.72
NCAAB,a0f644a17c835d9b6f9e602042670dca,draftkings,CSU Bakersfield Roadrunners,UC Santa Barbara Gauchos,900.0,-1850.0,2025-02-06 22:03:22.218807,10.0,94.87,9.54,90.46,12.04,87.96,2.04,-6.91
NCAAB,af0aa676fc80b99e1dd4578087952efa,draftkings,Pacific Tigers,San Diego Toreros,-115.0,-115.0,2025-02-06 22:03:22.218807,53.49,53.49,50.0,50.0,51.65,48.35,-1.84,-5.14
NCAAB,18da51245b432dc473891eee8d67e7ad,draftkings,Seattle Redhawks,Tarleton State Texans,-20000.0,3000.0,2025-02-06 22:03:22.218807,99.5,3.23,96.86,3.14,96.0,4.0,-3.5,0.77
NCAAB,a5b005b38b8e289f8a3b2b5310fa5f0e,draftkings,Cal Poly Mustangs,Hawai'i Rainbow Warriors,-125.0,-105.0,2025-02-06 22:03:22.218807,55.56,51.22,52.03,47.97,49.25,50.75,-6.31,-0.47
NCAAB,035fd833bb584ebe20149559ba67c041,draftkings,CSU Northridge Matadors,CSU Fullerton Titans,-100000.0,4000.0,2025-02-06 22:03:22.218807,99.9,2.44,97.62,2.38,96.58,3.42,-3.32,0.98
NCAAB,84313ea8d2ff7e8e6836073dd4d2a318,draftkings,UC San Diego Tritons,UC Riverside Highlanders,-620.0,400.0,2025-02-06 22:03:22.218807,86.11,20.0,81.15,18.85,82.96,17.04,-3.15,-2.96
NCAAB,ff2aabf65bba23e1e33df069f354c07c,draftkings,Long Beach St 49ers,UC Davis Aggies,110.0,-140.0,2025-02-06 22:03:22.218807,47.62,58.33,44.95,55.05,45.6,54.4,-2.02,-3.93
NCAAB,ed56898315b4b626638775ad4bce187b,draftkings,Portland Pilots,Santa Clara Broncos,2200.0,-10000.0,2025-02-06 22:03:22.218807,4.35,99.01,4.21,95.79,5.87,94.13,1.52,-4.88
NCAAB,6c74299ec226ef6af381c081e8023341,draftkings,Cal Baptist Lancers,Southern Utah Thunderbirds,-210.0,160.0,2025-02-06 22:03:22.218807,67.74,38.46,63.79,36.21,64.13,35.87,-3.61,-2.59
NCAAB,faacbed24080f5b7f3e9a746a229a58e,draftkings,Tennessee Tech Golden Eagles,SIU-Edwardsville Cougars,575.0,-950.0,2025-02-06 22:03:22.218807,14.81,90.48,14.07,85.93,23.28,76.72,8.47,-13.76
NCAAB,7fec38717762065f5614261404888f04,draftkings,Oregon St Beavers,Washington St Cougars,-265.0,215.0,2025-02-06 22:03:22.218807,72.6,31.75,69.57,30.43,69.29,30.71,-3.31,-1.04
NCAAB,594809e71a2a1c1beb3ad1cd406d70ec,draftkings,Dayton Flyers,VCU Rams,114.0,-135.0,2025-02-06 22:03:22.218807,46.73,57.45,44.86,55.14,45.89,54.11,-0.84,-3.34
NCAAB,cf615e2c869e2c64b01f158665b11f50,draftkings,Pennsylvania Quakers,Princeton Tigers,260.0,-325.0,2025-02-06 22:03:22.218807,27.78,76.47,26.65,73.35,27.32,72.68,-0.46,-3.79
NCAAB,2d0123ebbafe3fab20ed38d78368d3e2,draftkings,Purdue Boilermakers,USC Trojans,-1000.0,650.0,2025-02-06 22:03:22.218807,90.91,13.33,87.21,12.79,87.11,12.89,-3.8,-0.44
NCAAB,c1ac9e5a13e4fc4736da7c098b59df12,draftkings,UConn Huskies,St. John's Red Storm,-135.0,114.0,2025-02-06 22:03:22.218807,57.45,46.73,55.14,44.86,55.64,44.36,-1.81,-2.37
NCAAB,efeb146e101201006d7d7f9618424b20,draftkings,Boise State Broncos,San José St Spartans,-900.0,600.0,2025-02-06 22:03:22.218807,90.0,14.29,86.3,13.7,87.17,12.83,-2.83,-1.46
NCAAB,1e87e39951b9e3d34caf54ef53ec6a98,draftkings,Saint Joseph's Hawks,Saint Louis Billikens,-238.0,195.0,2025-02-06 22:03:22.218807,70.41,33.9,67.5,32.5,66.65,33.35,-3.76,-0.55
NCAAB,1ddf39195e1b0c9e3aa07b0076da62d6,draftkings,Fresno St Bulldogs,Utah State Aggies,500.0,-700.0,2025-02-06 22:03:22.218807,16.67,87.5,16.0,84.0,14.37,85.63,-2.3,-1.87
NCAAB,b4a08ed398e9c0d72468a7154d6e70ce,draftkings,Kansas St Wildcats,Kansas Jayhawks,,,2025-02-06 22:03:22.218807,,,,,36.56,63.44,,
NCAAB,47d2c8c50c01497753114dc72588d841,draftkings,Auburn Tigers,Florida Gators,,,2025-02-06 22:03:22.218807,,,,,78.36,21.64,,
NCAAB,677cc4c66e4d0d55a76cb6faba6e795a,draftkings,Clemson Tigers,Duke Blue Devils,,,2025-02-06 22:03:22.218807,,,,,28.56,71.44,,
NCAAB,d9f90ffa800147a5b71c578a124cd22f,fanduel,Utah Tech Trailblazers,Abilene Christian Wildcats,,,2025-02-06 22:03:22.218807,,,,,,,,
NCAAB,9d25c1fc86a0e3699261ca0f883d04f4,fanduel,Tenn-Martin Skyhawks,Lindenwood Lions,,,2025-02-06 22:03:22.218807,,,,,65.06,34.94,,
NCAAB,c6962db1d2054fb2f64c034f4122b9b0,fanduel,Gonzaga Bulldogs,Loyola Marymount Lions,,,2025-02-06 22:03:22.218807,,,,,,,,
NCAAB,ce1ec61e7cca36f6536c8da39bfa9a43,fanduel,Eastern Washington Eagles,Sacramento St Hornets,-220.0,168.0,2025-02-06 22:03:22.218807,68.75,37.31,64.82,35.18,73.34,26.66,4.59,-10.65
NCAAB,a8a955d9e27e412901e2879f7b83afd1,fanduel,Denver Pioneers,South Dakota Coyotes,1300.0,-5000.0,2025-02-06 22:03:22.218807,7.14,98.04,6.79,93.21,5.54,94.46,-1.6,-3.58
NCAAB,457ecb627b559c09c6ff167c2456e49c,fanduel,UNC Asheville Bulldogs,Gardner-Webb Bulldogs,,,2025-02-06 22:03:22.218807,,,,,96.45,3.55,,
NCAAB,77a0689fa63576f4472864f1668c2760,fanduel,San Francisco Dons,Saint Mary's Gaels,-205.0,154.0,2025-02-06 22:03:22.218807,67.21,39.37,63.06,36.94,70.9,29.1,3.69,-10.27
NCAAB,a0f644a17c835d9b6f9e602042670dca,fanduel,CSU Bakersfield Roadrunners,UC Santa Barbara Gauchos,450.0,-720.0,2025-02-06 22:03:22.218807,18.18,87.8,17.15,82.85,12.04,87.96,-6.14,0.16
NCAAB,af0aa676fc80b99e1dd4578087952efa,fanduel,Pacific Tigers,San Diego Toreros,-138.0,108.0,2025-02-06 22:03:22.218807,57.98,48.08,54.67,45.33,51.65,48.35,-6.33,0.27
NCAAB,18da51245b432dc473891eee8d67e7ad,fanduel,Seattle Redhawks,Tarleton State Texans,-20000.0,2000.0,2025-02-06 22:03:22.218807,99.5,4.76,95.43,4.57,96.0,4.0,-3.5,-0.76
NCAAB,a5b005b38b8e289f8a3b2b5310fa5f0e,fanduel,Cal Poly Mustangs,Hawai'i Rainbow Warriors,116.0,-148.0,2025-02-06 22:03:22.218807,46.3,59.68,43.69,56.31,49.25,50.75,2.95,-8.93
NCAAB,035fd833bb584ebe20149559ba67c041,fanduel,CSU Northridge Matadors,CSU Fullerton Titans,-20000.0,2500.0,2025-02-06 22:03:22.218807,99.5,3.85,96.27,3.73,96.58,3.42,-2.92,-0.43
NCAAB,84313ea8d2ff7e8e6836073dd4d2a318,fanduel,UC San Diego Tritons,UC Riverside Highlanders,-800.0,480.0,2025-02-06 22:03:22.218807,88.89,17.24,83.76,16.24,82.96,17.04,-5.93,-0.2
NCAAB,ff2aabf65bba23e1e33df069f354c07c,fanduel,Long Beach St 49ers,UC Davis Aggies,110.0,-140.0,2025-02-06 22:03:22.218807,47.62,58.33,44.95,55.05,45.6,54.4,-2.02,-3.93
NCAAB,ed56898315b4b626638775ad4bce187b,fanduel,Portland Pilots,Santa Clara Broncos,1500.0,-7000.0,2025-02-06 22:03:22.218807,6.25,98.59,5.96,94.04,5.87,94.13,-0.38,-4.46
NCAAB,6c74299ec226ef6af381c081e8023341,fanduel,Cal Baptist Lancers,Southern Utah Thunderbirds,-210.0,162.0,2025-02-06 22:03:22.218807,67.74,38.17,63.96,36.04,64.13,35.87,-3.61,-2.3
NCAAB,faacbed24080f5b7f3e9a746a229a58e,fanduel,Tennessee Tech Golden Eagles,SIU-Edwardsville Cougars,240.0,-330.0,2025-02-06 22:03:22.218807,29.41,76.74,27.71,72.29,23.28,76.72,-6.13,-0.02
NCAAB,7fec38717762065f5614261404888f04,fanduel,Oregon St Beavers,Washington St Cougars,-255.0,205.0,2025-02-06 22:03:22.218807,71.83,32.79,68.66,31.34,69.29,30.71,-2.54,-2.08
NCAAB,594809e71a2a1c1beb3ad1cd406d70ec,fanduel,Dayton Flyers,VCU Rams,-102.0,-118.0,2025-02-06 22:03:22.218807,50.5,54.13,48.27,51.73,45.89,54.11,-4.61,-0.02
NCAAB,cf615e2c869e2c64b01f158665b11f50,fanduel,Pennsylvania Quakers,Princeton Tigers,240.0,-300.0,2025-02-06 22:03:22.218807,29.41,75.0,28.17,71.83,27.32,72.68,-2.09,-2.32
NCAAB,2d0123ebbafe3fab20ed38d78368d3e2,fanduel,Purdue Boilermakers,USC Trojans,-1000.0,640.0,2025-02-06 22:03:22.218807,90.91,13.51,87.06,12.94,87.11,12.89,-3.8,-0.62
NCAAB,c1ac9e5a13e4fc4736da7c098b59df12,fanduel,UConn Huskies,St. John's Red Storm,-137.0,114.0,2025-02-06 22:03:22.218807,57.81,46.73,55.3,44.7,55.64,44.36,-2.17,-2.37
NCAAB,efeb146e101201006d7d7f9618424b20,fanduel,Boise State Broncos,San José St Spartans,-1250.0,740.0,2025-02-06 22:03:22.218807,92.59,11.9,88.61,11.39,87.17,12.83,-5.42,0.93
NCAAB,1e87e39951b9e3d34caf54ef53ec6a98,fanduel,Saint Joseph's Hawks,Saint Louis Billikens,-235.0,190.0,2025-02-06 22:03:22.218807,70.15,34.48,67.05,32.95,66.65,33.35,-3.5,-1.13
NCAAB,1ddf39195e1b0c9e3aa07b0076da62d6,fanduel,Fresno St Bulldogs,Utah State Aggies,680.0,-1100.0,2025-02-06 22:03:22.218807,12.82,91.67,12.27,87.73,14.37,85.63,1.55,-6.04
NCAAB,b4a08ed398e9c0d72468a7154d6e70ce,fanduel,Kansas St Wildcats,Kansas Jayhawks,162.0,-196.0,2025-02-06 22:03:22.218807,38.17,66.22,36.56,63.44,36.56,63.44,-1.61,-2.78
NCAAB,47d2c8c50c01497753114dc72588d841,fanduel,Auburn Tigers,Florida Gators,-465.0,340.0,2025-02-06 22:03:22.218807,82.3,22.73,78.36,21.64,78.36,21.64,-3.94,-1.09
NCAAB,677cc4c66e4d0d55a76cb6faba6e795a,fanduel,Clemson Tigers,Duke Blue Devils,235.0,-295.0,2025-02-06 22:03:22.218807,29.85,74.68,28.56,71.44,28.56,71.44,-1.29,-3.24
NCAAB,d9f90ffa800147a5b71c578a124cd22f,hardrockbet,Utah Tech Trailblazers,Abilene Christian Wildcats,,,2025-02-06 22:03:22.218807,,,,,,,,
NCAAB,9d25c1fc86a0e3699261ca0f883d04f4,hardrockbet,Tenn-Martin Skyhawks,Lindenwood Lions,,,2025-02-06 22:03:22.218807,,,,,65.06,34.94,,
NCAAB,c6962db1d2054fb2f64c034f4122b9b0,hardrockbet,Gonzaga Bulldogs,Loyola Marymount Lions,,,2025-02-06 22:03:22.218807,,,,,,,,
NCAAB,ce1ec61e7cca36f6536c8da39bfa9a43,hardrockbet,Eastern Washington Eagles,Sacramento St Hornets,-350.0,225.0,2025-02-06 22:03:22.218807,77.78,30.77,71.65,28.35,73.34,26.66,-4.44,-4.11
NCAAB,a8a955d9e27e412901e2879f7b83afd1,hardrockbet,Denver Pioneers,South Dakota Coyotes,,,2025-02-06 22:03:22.218807,,,,,5.54,94.46,,
NCAAB,457ecb627b559c09c6ff167c2456e49c,hardrockbet,UNC Asheville Bulldogs,Gardner-Webb Bulldogs,,,2025-02-06 22:03:22.218807,,,,,96.45,3.55,,
NCAAB,77a0689fa63576f4472864f1668c2760,hardrockbet,San Francisco Dons,Saint Mary's Gaels,-170.0,120.0,2025-02-06 22:03:22.218807,62.96,45.45,58.08,41.92,70.9,29.1,7.94,-16.35
NCAAB,a0f644a17c835d9b6f9e602042670dca,hardrockbet,CSU Bakersfield Roadrunners,UC Santa Barbara Gauchos,700.0,-2000.0,2025-02-06 22:03:22.218807,12.5,95.24,11.6,88.4,12.04,87.96,-0.46,-7.28
NCAAB,af0aa676fc80b99e1dd4578087952efa,hardrockbet,Pacific Tigers,San Diego Toreros,-125.0,-105.0,2025-02-06 22:03:22.218807,55.56,51.22,52.03,47.97,51.65,48.35,-3.91,-2.87
NCAAB,18da51245b432dc473891eee8d67e7ad,hardrockbet,Seattle Redhawks,Tarleton State Texans,,,2025-02-06 22:03:22.218807,,,,,96.0,4.0,,
NCAAB,a5b005b38b8e289f8a3b2b5310fa5f0e,hardrockbet,Cal Poly Mustangs,Hawai'i Rainbow Warriors,-110.0,-120.0,2025-02-06 22:03:22.218807,52.38,54.55,48.99,51.01,49.25,50.75,-3.13,-3.8
NCAAB,035fd833bb584ebe20149559ba67c041,hardrockbet,CSU Northridge Matadors,CSU Fullerton Titans,,,2025-02-06 22:03:22.218807,,,,,96.58,3.42,,
NCAAB,84313ea8d2ff7e8e6836073dd4d2a318,hardrockbet,UC San Diego Tritons,UC Riverside Highlanders,-750.0,450.0,2025-02-06 22:03:22.218807,88.24,18.18,82.92,17.08,82.96,17.04,-5.28,-1.14
NCAAB,ff2aabf65bba23e1e33df069f354c07c,hardrockbet,Long Beach St 49ers,UC Davis Aggies,105.0,-135.0,2025-02-06 22:03:22.218807,48.78,57.45,45.92,54.08,45.6,54.4,-3.18,-3.05
NCAAB,ed56898315b4b626638775ad4bce187b,hardrockbet,Portland Pilots,Santa Clara Broncos,1100.0,-10000.0,2025-02-06 22:03:22.218807,8.33,99.01,7.76,92.24,5.87,94.13,-2.46,-4.88
NCAAB,6c74299ec226ef6af381c081e8023341,hardrockbet,Cal Baptist Lancers,Southern Utah Thunderbirds,-210.0,155.0,2025-02-06 22:03:22.218807,67.74,39.22,63.33,36.67,64.13,35.87,-3.61,-3.35
NCAAB,faacbed24080f5b7f3e9a746a229a58e,hardrockbet,Tennessee Tech Golden Eagles,SIU-Edwardsville Cougars,170.0,-225.0,2025-02-06 22:03:22.218807,37.04,69.23,34.85,65.15,23.28,76.72,-13.76,7.49
NCAAB,7fec38717762065f5614261404888f04,hardrockbet,Oregon St Beavers,Washington St Cougars,-275.0,200.0,2025-02-06 22:03:22.218807,73.33,33.33,68.75,31.25,69.29,30.71,-4.04,-2.62
NCAAB,594809e71a2a1c1beb3ad1cd406d70ec,hardrockbet,Dayton Flyers,VCU Rams,100.0,-130.0,2025-02-06 22:03:22.218807,50.0,56.52,46.94,53.06,45.89,54.11,-4.11,-2.41
NCAAB,cf615e2c869e2c64b01f158665b11f50,hardrockbet,Pennsylvania Quakers,Princeton Tigers,240.0,-350.0,2025-02-06 22:03:22.218807,29.41,77.78,27.44,72.56,27.32,72.68,-2.09,-5.1
NCAAB,2d0123ebbafe3fab20ed38d78368d3e2,hardrockbet,Purdue Boilermakers,USC Trojans,-1100.0,575.0,2025-02-06 22:03:22.218807,91.67,14.81,86.09,13.91,87.11,12.89,-4.56,-1.92
NCAAB,c1ac9e5a13e4fc4736da7c098b59df12,hardrockbet,UConn Huskies,St. John's Red Storm,-140.0,110.0,2025-02-06 22:03:22.218807,58.33,47.62,55.05,44.95,55.64,44.36,-2.69,-3.26
NCAAB,efeb146e101201006d7d7f9618424b20,hardrockbet,Boise State Broncos,San José St Spartans,-1100.0,575.0,2025-02-06 22:03:22.218807,91.67,14.81,86.09,13.91,87.17,12.83,-4.5,-1.98
NCAAB,1e87e39951b9e3d34caf54ef53ec6a98,hardrockbet,Saint Joseph's Hawks,Saint Louis Billikens,-250.0,180.0,2025-02-06 22:03:22.218807,71.43,35.71,66.67,33.33,66.65,33.35,-4.78,-2.36
NCAAB,1ddf39195e1b0c9e3aa07b0076da62d6,hardrockbet,Fresno St Bulldogs,Utah State Aggies,525.0,-900.0,2025-02-06 22:03:22.218807,16.0,90.0,15.09,84.91,14.37,85.63,-1.63,-4.37
NCAAB,b4a08ed398e9c0d72468a7154d6e70ce,hardrockbet,Kansas St Wildcats,Kansas Jayhawks,,,2025-02-06 22:03:22.218807,,,,,36.56,63.44,,
NCAAB,47d2c8c50c01497753114dc72588d841,hardrockbet,Auburn Tigers,Florida Gators,,,2025-02-06 22:03:22.218807,,,,,78.36,21.64,,
NCAAB,677cc4c66e4d0d55a76cb6faba6e795a,hardrockbet,Clemson Tigers,Duke Blue Devils,,,2025-02-06 22:03:22.218807,,,,,28.56,71.44,,
NCAAB,d9f90ffa800147a5b71c578a124cd22f,betonlineag,Utah Tech Trailblazers,Abilene Christian Wildcats,,,2025-02-06 22:03:22.218807,,,,,,,,
NCAAB,9d25c1fc86a0e3699261ca0f883d04f4,betonlineag,Tenn-Martin Skyhawks,Lindenwood Lions,,,2025-02-06 22:03:22.218807,,,,,65.06,34.94,,
NCAAB,c6962db1d2054fb2f64c034f4122b9b0,betonlineag,Gonzaga Bulldogs,Loyola Marymount Lions,,,2025-02-06 22:03:22.218807,,,,,,,,
NCAAB,ce1ec61e7cca36f6536c8da39bfa9a43,betonlineag,Eastern Washington Eagles,Sacramento St Hornets,,,2025-02-06 22:03:22.218807,,,,,73.34,26.66,,
NCAAB,a8a955d9e27e412901e2879f7b83afd1,betonlineag,Denver Pioneers,South Dakota Coyotes,,,2025-02-06 22:03:22.218807,,,,,5.54,94.46,,
NCAAB,457ecb627b559c09c6ff167c2456e49c,betonlineag,UNC Asheville Bulldogs,Gardner-Webb Bulldogs,,,2025-02-06 22:03:22.218807,,,,,96.45,3.55,,
NCAAB,77a0689fa63576f4472864f1668c2760,betonlineag,San Francisco Dons,Saint Mary's Gaels,,,2025-02-06 22:03:22.218807,,,,,70.9,29.1,,
NCAAB,a0f644a17c835d9b6f9e602042670dca,betonlineag,CSU Bakersfield Roadrunners,UC Santa Barbara Gauchos,,,2025-02-06 22:03:22.218807,,,,,12.04,87.96,,
NCAAB,af0aa676fc80b99e1dd4578087952efa,betonlineag,Pacific Tigers,San Diego Toreros,,,2025-02-06 22:03:22.218807,,,,,51.65,48.35,,
NCAAB,18da51245b432dc473891eee8d67e7ad,betonlineag,Seattle Redhawks,Tarleton State Texans,,,2025-02-06 22:03:22.218807,,,,,96.0,4.0,,
NCAAB,a5b005b38b8e289f8a3b2b5310fa5f0e,betonlineag,Cal Poly Mustangs,Hawai'i Rainbow Warriors,,,2025-02-06 22:03:22.218807,,,,,49.25,50.75,,
NCAAB,035fd833bb584ebe20149559ba67c041,betonlineag,CSU Northridge Matadors,CSU Fullerton Titans,,,2025-02-06 22:03:22.218807,,,,,96.58,3.42,,
NCAAB,84313ea8d2ff7e8e6836073dd4d2a318,betonlineag,UC San Diego Tritons,UC Riverside Highlanders,,,2025-02-06 22:03:22.218807,,,,,82.96,17.04,,
NCAAB,ff2aabf65bba23e1e33df069f354c07c,betonlineag,Long Beach St 49ers,UC Davis Aggies,,,2025-02-06 22:03:22.218807,,,,,45.6,54.4,,
NCAAB,ed56898315b4b626638775ad4bce187b,betonlineag,Portland Pilots,Santa Clara Broncos,,,2025-02-06 22:03:22.218807,,,,,5.87,94.13,,
NCAAB,6c74299ec226ef6af381c081e8023341,betonlineag,Cal Baptist Lancers,Southern Utah Thunderbirds,,,2025-02-06 22:03:22.218807,,,,,64.13,35.87,,
NCAAB,faacbed24080f5b7f3e9a746a229a58e,betonlineag,Tennessee Tech Golden Eagles,SIU-Edwardsville Cougars,,,2025-02-06 22:03:22.218807,,,,,23.28,76.72,,
NCAAB,7fec38717762065f5614261404888f04,betonlineag,Oregon St Beavers,Washington St Cougars,-267.0,227.0,2025-02-06 22:03:22.218807,72.75,30.58,70.41,29.59,69.29,30.71,-3.46,0.13
NCAAB,594809e71a2a1c1beb3ad1cd406d70ec,betonlineag,Dayton Flyers,VCU Rams,,,2025-02-06 22:03:22.218807,,,,,45.89,54.11,,
NCAAB,cf615e2c869e2c64b01f158665b11f50,betonlineag,Pennsylvania Quakers,Princeton Tigers,,,2025-02-06 22:03:22.218807,,,,,27.32,72.68,,
NCAAB,2d0123ebbafe3fab20ed38d78368d3e2,betonlineag,Purdue Boilermakers,USC Trojans,,,2025-02-06 22:03:22.218807,,,,,87.11,12.89,,
NCAAB,c1ac9e5a13e4fc4736da7c098b59df12,betonlineag,UConn Huskies,St. John's Red Storm,,,2025-02-06 22:03:22.218807,,,,,55.64,44.36,,
NCAAB,efeb146e101201006d7d7f9618424b20,betonlineag,Boise State Broncos,San José St Spartans,,,2025-02-06 22:03:22.218807,,,,,87.17,12.83,,
NCAAB,1e87e39951b9e3d34caf54ef53ec6a98,betonlineag,Saint Joseph's Hawks,Saint Louis Billikens,,,2025-02-06 22:03:22.218807,,,,,66.65,33.35,,
NCAAB,1ddf39195e1b0c9e3aa07b0076da62d6,betonlineag,Fresno St Bulldogs,Utah State Aggies,,,2025-02-06 22:03:22.218807,,,,,14.37,85.63,,
NCAAB,b4a08ed398e9c0d72468a7154d6e70ce,betonlineag,Kansas St Wildcats,Kansas Jayhawks,,,2025-02-06 22:03:22.218807,,,,,36.56,63.44,,
NCAAB,47d2c8c50c01497753114dc72588d841,betonlineag,Auburn Tigers,Florida Gators,,,2025-02-06 22:03:22.218807,,,,,78.36,21.64,,
NCAAB,677cc4c66e4d0d55a76cb6faba6e795a,betonlineag,Clemson Tigers,Duke Blue Devils,,,2025-02-06 22:03:22.218807,,,,,28.56,71.44,,
NCAAB,d9f90ffa800147a5b71c578a124cd22f,espnbet,Utah Tech Trailblazers,Abilene Christian Wildcats,,,2025-02-06 22:03:22.218807,,,,,,,,
NCAAB,9d25c1fc86a0e3699261ca0f883d04f4,espnbet,Tenn-Martin Skyhawks,Lindenwood Lions,-600.0,380.0,2025-02-06 22:03:22.218807,85.71,20.83,80.45,19.55,65.06,34.94,-20.65,14.11
NCAAB,c6962db1d2054fb2f64c034f4122b9b0,espnbet,Gonzaga Bulldogs,Loyola Marymount Lions,,,2025-02-06 22:03:22.218807,,,,,,,,
NCAAB,ce1ec61e7cca36f6536c8da39bfa9a43,espnbet,Eastern Washington Eagles,Sacramento St Hornets,-170.0,135.0,2025-02-06 22:03:22.218807,62.96,42.55,59.67,40.33,73.34,26.66,10.38,-15.89
NCAAB,a8a955d9e27e412901e2879f7b83afd1,espnbet,Denver Pioneers,South Dakota Coyotes,2800.0,-15000.0,2025-02-06 22:03:22.218807,3.45,99.34,3.36,96.64,5.54,94.46,2.09,-4.88
NCAAB,457ecb627b559c09c6ff167c2456e49c,espnbet,UNC Asheville Bulldogs,Gardner-Webb Bulldogs,-8000.0,2200.0,2025-02-06 22:03:22.218807,98.77,4.35,95.78,4.22,96.45,3.55,-2.32,-0.8
NCAAB,77a0689fa63576f4472864f1668c2760,espnbet,San Francisco Dons,Saint Mary's Gaels,-240.0,180.0,2025-02-06 22:03:22.218807,70.59,35.71,66.41,33.59,70.9,29.1,0.31,-6.61
NCAAB,a0f644a17c835d9b6f9e602042670dca,espnbet,CSU Bakersfield Roadrunners,UC Santa Barbara Gauchos,900.0,-2000.0,2025-02-06 22:03:22.218807,10.0,95.24,9.5,90.5,12.04,87.96,2.04,-7.28
NCAAB,af0aa676fc80b99e1dd4578087952efa,espnbet,Pacific Tigers,San Diego Toreros,-125.0,-105.0,2025-02-06 22:03:22.218807,55.56,51.22,52.03,47.97,51.65,48.35,-3.91,-2.87
NCAAB,18da51245b432dc473891eee8d67e7ad,espnbet,Seattle Redhawks,Tarleton State Texans,-15000.0,2800.0,2025-02-06 22:03:22.218807,99.34,3.45,96.64,3.36,96.0,4.0,-3.34,0.55
NCAAB,a5b005b38b8e289f8a3b2b5310fa5f0e,espnbet,Cal Poly Mustangs,Hawai'i Rainbow Warriors,-110.0,-120.0,2025-02-06 22:03:22.218807,52.38,54.55,48.99,51.01,49.25,50.75,-3.13,-3.8
NCAAB,035fd833bb584ebe20149559ba67c041,espnbet,CSU Northridge Matadors,CSU Fullerton Titans,-15000.0,2800.0,2025-02-06 22:03:22.218807,99.34,3.45,96.64,3.36,96.58,3.42,-2.76,-0.03
NCAAB,84313ea8d2ff7e8e6836073dd4d2a318,espnbet,UC San Diego Tritons,UC Riverside Highlanders,-800.0,475.0,2025-02-06 22:03:22.218807,88.89,17.39,83.64,16.36,82.96,17.04,-5.93,-0.35
NCAAB,ff2aabf65bba23e1e33df069f354c07c,espnbet,Long Beach St 49ers,UC Davis Aggies,105.0,-135.0,2025-02-06 22:03:22.218807,48.78,57.45,45.92,54.08,45.6,54.4,-3.18,-3.05
NCAAB,ed56898315b4b626638775ad4bce187b,espnbet,Portland Pilots,Santa Clara Broncos,2000.0,-6000.0,2025-02-06 22:03:22.218807,4.76,98.36,4.62,95.38,5.87,94.13,1.11,-4.23
NCAAB,6c74299ec226ef6af381c081e8023341,espnbet,Cal Baptist Lancers,Southern Utah Thunderbirds,-200.0,160.0,2025-02-06 22:03:22.218807,66.67,38.46,63.42,36.58,64.13,35.87,-2.54,-2.59
NCAAB,faacbed24080f5b7f3e9a746a229a58e,espnbet,Tennessee Tech Golden Eagles,SIU-Edwardsville Cougars,,,2025-02-06 22:03:22.218807,,,,,23.28,76.72,,
NCAAB,7fec38717762065f5614261404888f04,espnbet,Oregon St Beavers,Washington St Cougars,-250.0,210.0,2025-02-06 22:03:22.218807,71.43,32.26,68.89,31.11,69.29,30.71,-2.14,-1.55
NCAAB,594809e71a2a1c1beb3ad1cd406d70ec,espnbet,Dayton Flyers,VCU Rams,110.0,-130.0,2025-02-06 22:03:22.218807,47.62,56.52,45.73,54.27,45.89,54.11,-1.73,-2.41
NCAAB,cf615e2c869e2c64b01f158665b11f50,espnbet,Pennsylvania Quakers,Princeton Tigers,260.0,-320.0,2025-02-06 22:03:22.218807,27.78,76.19,26.72,73.28,27.32,72.68,-0.46,-3.51
NCAAB,2d0123ebbafe3fab20ed38d78368d3e2,espnbet,Purdue Boilermakers,USC Trojans,-1200.0,700.0,2025-02-06 22:03:22.218807,92.31,12.5,88.07,11.93,87.11,12.89,-5.2,0.39
NCAAB,c1ac9e5a13e4fc4736da7c098b59df12,espnbet,UConn Huskies,St. John's Red Storm,-140.0,120.0,2025-02-06 22:03:22.218807,58.33,45.45,56.21,43.79,55.64,44.36,-2.69,-1.09
NCAAB,efeb146e101201006d7d7f9618424b20,espnbet,Boise State Broncos,San José St Spartans,-1200.0,700.0,2025-02-06 22:03:22.218807,92.31,12.5,88.07,11.93,87.17,12.83,-5.14,0.33
NCAAB,1e87e39951b9e3d34caf54ef53ec6a98,espnbet,Saint Joseph's Hawks,Saint Louis Billikens,-225.0,190.0,2025-02-06 22:03:22.218807,69.23,34.48,66.75,33.25,66.65,33.35,-2.58,-1.13
NCAAB,1ddf39195e1b0c9e3aa07b0076da62d6,espnbet,Fresno St Bulldogs,Utah State Aggies,550.0,-900.0,2025-02-06 22:03:22.218807,15.38,90.0,14.59,85.41,14.37,85.63,-1.01,-4.37
NCAAB,b4a08ed398e9c0d72468a7154d6e70ce,espnbet,Kansas St Wildcats,Kansas Jayhawks,,,2025-02-06 22:03:22.218807,,,,,36.56,63.44,,
NCAAB,47d2c8c50c01497753114dc72588d841,espnbet,Auburn Tigers,Florida Gators,,,2025-02-06 22:03:22.218807,,,,,78.36,21.64,,
NCAAB,677cc4c66e4d0d55a76cb6faba6e795a,espnbet,Clemson Tigers,Duke Blue Devils,,,2025-02-06 22:03:22.218807,,,,,28.56,71.44,,
NCAAB,d9f90ffa800147a5b71c578a124cd22f,betus,Utah Tech Trailblazers,Abilene Christian Wildcats,,,2025-02-06 22:03:22.218807,,,,,,,,
NCAAB,9d25c1fc86a0e3699261ca0f883d04f4,betus,Tenn-Martin Skyhawks,Lindenwood Lions,,,2025-02-06 22:03:22.218807,,,,,65.06,34.94,,
NCAAB,c6962db1d2054fb2f64c034f4122b9b0,betus,Gonzaga Bulldogs,Loyola Marymount Lions,,,2025-02-06 22:03:22.218807,,,,,,,,
NCAAB,ce1ec61e7cca36f6536c8da39bfa9a43,betus,Eastern Washington Eagles,Sacramento St Hornets,,,2025-02-06 22:03:22.218807,,,,,73.34,26.66,,
NCAAB,a8a955d9e27e412901e2879f7b83afd1,betus,Denver Pioneers,South Dakota Coyotes,,,2025-02-06 22:03:22.218807,,,,,5.54,94.46,,
NCAAB,457ecb627b559c09c6ff167c2456e49c,betus,UNC Asheville Bulldogs,Gardner-Webb Bulldogs,,,2025-02-06 22:03:22.218807,,,,,96.45,3.55,,
NCAAB,77a0689fa63576f4472864f1668c2760,betus,San Francisco Dons,Saint Mary's Gaels,,,2025-02-06 22:03:22.218807,,,,,70.9,29.1,,
NCAAB,a0f644a17c835d9b6f9e602042670dca,betus,CSU Bakersfield Roadrunners,UC Santa Barbara Gauchos,,,2025-02-06 22:03:22.218807,,,,,12.04,87.96,,
NCAAB,af0aa676fc80b99e1dd4578087952efa,betus,Pacific Tigers,San Diego Toreros,,,2025-02-06 22:03:22.218807,,,,,51.65,48.35,,
NCAAB,18da51245b432dc473891eee8d67e7ad,betus,Seattle Redhawks,Tarleton State Texans,,,2025-02-06 22:03:22.218807,,,,,96.0,4.0,,
NCAAB,a5b005b38b8e289f8a3b2b5310fa5f0e,betus,Cal Poly Mustangs,Hawai'i Rainbow Warriors,,,2025-02-06 22:03:22.218807,,,,,49.25,50.75,,
NCAAB,035fd833bb584ebe20149559ba67c041,betus,CSU Northridge Matadors,CSU Fullerton Titans,,,2025-02-06 22:03:22.218807,,,,,96.58,3.42,,
NCAAB,84313ea8d2ff7e8e6836073dd4d2a318,betus,UC San Diego Tritons,UC Riverside Highlanders,,,2025-02-06 22:03:22.218807,,,,,82.96,17.04,,
NCAAB,ff2aabf65bba23e1e33df069f354c07c,betus,Long Beach St 49ers,UC Davis Aggies,,,2025-02-06 22:03:22.218807,,,,,45.6,54.4,,
NCAAB,ed56898315b4b626638775ad4bce187b,betus,Portland Pilots,Santa Clara Broncos,,,2025-02-06 22:03:22.218807,,,,,5.87,94.13,,
NCAAB,6c74299ec226ef6af381c081e8023341,betus,Cal Baptist Lancers,Southern Utah Thunderbirds,,,2025-02-06 22:03:22.218807,,,,,64.13,35.87,,
NCAAB,faacbed24080f5b7f3e9a746a229a58e,betus,Tennessee Tech Golden Eagles,SIU-Edwardsville Cougars,,,2025-02-06 22:03:22.218807,,,,,23.28,76.72,,
NCAAB,7fec38717762065f5614261404888f04,betus,Oregon St Beavers,Washington St Cougars,-250.0,210.0,2025-02-06 22:03:22.218807,71.43,32.26,68.89,31.11,69.29,30.71,-2.14,-1.55
NCAAB,594809e71a2a1c1beb3ad1cd406d70ec,betus,Dayton Flyers,VCU Rams,,,2025-02-06 22:03:22.218807,,,,,45.89,54.11,,
NCAAB,cf615e2c869e2c64b01f158665b11f50,betus,Pennsylvania Quakers,Princeton Tigers,,,2025-02-06 22:03:22.218807,,,,,27.32,72.68,,
NCAAB,2d0123ebbafe3fab20ed38d78368d3e2,betus,Purdue Boilermakers,USC Trojans,,,2025-02-06 22:03:22.218807,,,,,87.11,12.89,,
NCAAB,c1ac9e5a13e4fc4736da7c098b59df12,betus,UConn Huskies,St. John's Red Storm,,,2025-02-06 22:03:22.218807,,,,,55.64,44.36,,
NCAAB,efeb146e101201006d7d7f9618424b20,betus,Boise State Broncos,San José St Spartans,,,2025-02-06 22:03:22.218807,,,,,87.17,12.83,,
NCAAB,1e87e39951b9e3d34caf54ef53ec6a98,betus,Saint Joseph's Hawks,Saint Louis Billikens,,,2025-02-06 22:03:22.218807,,,,,66.65,33.35,,
NCAAB,1ddf39195e1b0c9e3aa07b0076da62d6,betus,Fresno St Bulldogs,Utah State Aggies,,,2025-02-06 22:03:22.218807,,,,,14.37,85.63,,
NCAAB,b4a08ed398e9c0d72468a7154d6e70ce,betus,Kansas St Wildcats,Kansas Jayhawks,,,2025-02-06 22:03:22.218807,,,,,36.56,63.44,,
NCAAB,47d2c8c50c01497753114dc72588d841,betus,Auburn Tigers,Florida Gators,,,2025-02-06 22:03:22.218807,,,,,78.36,21.64,,
NCAAB,677cc4c66e4d0d55a76cb6faba6e795a,betus,Clemson Tigers,Duke Blue Devils,,,2025-02-06 22:03:22.218807,,,,,28.56,71.44,,
NCAAB,d9f90ffa800147a5b71c578a124cd22f,betrivers,Utah Tech Trailblazers,Abilene Christian Wildcats,,,2025-02-06 22:03:22.218807,,,,,,,,
NCAAB,9d25c1fc86a0e3699261ca0f883d04f4,betrivers,Tenn-Martin Skyhawks,Lindenwood Lions,-400.0,240.0,2025-02-06 22:03:22.218807,80.0,29.41,73.12,26.88,65.06,34.94,-14.94,5.53
NCAAB,c6962db1d2054fb2f64c034f4122b9b0,betrivers,Gonzaga Bulldogs,Loyola Marymount Lions,,,2025-02-06 22:03:22.218807,,,,,,,,
NCAAB,ce1ec61e7cca36f6536c8da39bfa9a43,betrivers,Eastern Washington Eagles,Sacramento St Hornets,-220.0,145.0,2025-02-06 22:03:22.218807,68.75,40.82,62.75,37.25,73.34,26.66,4.59,-14.16
NCAAB,a8a955d9e27e412901e2879f7b83afd1,betrivers,Denver Pioneers,South Dakota Coyotes,,,2025-02-06 22:03:22.218807,,,,,5.54,94.46,,
NCAAB,457ecb627b559c09c6ff167c2456e49c,betrivers,UNC Asheville Bulldogs,Gardner-Webb Bulldogs,,,2025-02-06 22:03:22.218807,,,,,96.45,3.55,,
NCAAB,77a0689fa63576f4472864f1668c2760,betrivers,San Francisco Dons,Saint Mary's Gaels,-715.0,375.0,2025-02-06 22:03:22.218807,87.73,21.05,80.65,19.35,70.9,29.1,-16.83,8.05
NCAAB,a0f644a17c835d9b6f9e602042670dca,betrivers,CSU Bakersfield Roadrunners,UC Santa Barbara Gauchos,650.0,-1667.0,2025-02-06 22:03:22.218807,13.33,94.34,12.38,87.62,12.04,87.96,-1.29,-6.38
NCAAB,af0aa676fc80b99e1dd4578087952efa,betrivers,Pacific Tigers,San Diego Toreros,-125.0,-117.0,2025-02-06 22:03:22.218807,55.56,53.92,50.75,49.25,51.65,48.35,-3.91,-5.57
NCAAB,18da51245b432dc473891eee8d67e7ad,betrivers,Seattle Redhawks,Tarleton State Texans,,,2025-02-06 22:03:22.218807,,,,,96.0,4.0,,
NCAAB,a5b005b38b8e289f8a3b2b5310fa5f0e,betrivers,Cal Poly Mustangs,Hawai'i Rainbow Warriors,-129.0,-112.0,2025-02-06 22:03:22.218807,56.33,52.83,51.6,48.4,49.25,50.75,-7.08,-2.08
NCAAB,035fd833bb584ebe20149559ba67c041,betrivers,CSU Northridge Matadors,CSU Fullerton Titans,,,2025-02-06 22:03:22.218807,,,,,96.58,3.42,,
NCAAB,84313ea8d2ff7e8e6836073dd4d2a318,betrivers,UC San Diego Tritons,UC Riverside Highlanders,,,2025-02-06 22:03:22.218807,,,,,82.96,17.04,,
NCAAB,ff2aabf65bba23e1e33df069f354c07c,betrivers,Long Beach St 49ers,UC Davis Aggies,,,2025-02-06 22:03:22.218807,,,,,45.6,54.4,,
NCAAB,ed56898315b4b626638775ad4bce187b,betrivers,Portland Pilots,Santa Clara Broncos,,,2025-02-06 22:03:22.218807,,,,,5.87,94.13,,
NCAAB,6c74299ec226ef6af381c081e8023341,betrivers,Cal Baptist Lancers,Southern Utah Thunderbirds,,,2025-02-06 22:03:22.218807,,,,,64.13,35.87,,
NCAAB,faacbed24080f5b7f3e9a746a229a58e,betrivers,Tennessee Tech Golden Eagles,SIU-Edwardsville Cougars,350.0,-670.0,2025-02-06 22:03:22.218807,22.22,87.01,20.34,79.66,23.28,76.72,1.06,-10.29
NCAAB,7fec38717762065f5614261404888f04,betrivers,Oregon St Beavers,Washington St Cougars,-275.0,215.0,2025-02-06 22:03:22.218807,73.33,31.75,69.78,30.22,69.29,30.71,-4.04,-1.04
NCAAB,594809e71a2a1c1beb3ad1cd406d70ec,betrivers,Dayton Flyers,VCU Rams,110.0,-134.0,2025-02-06 22:03:22.218807,47.62,57.26,45.4,54.6,45.89,54.11,-1.73,-3.15
NCAAB,cf615e2c869e2c64b01f158665b11f50,betrivers,Pennsylvania Quakers,Princeton Tigers,240.0,-315.0,2025-02-06 22:03:22.218807,29.41,75.9,27.93,72.07,27.32,72.68,-2.09,-3.22
NCAAB,2d0123ebbafe3fab20ed38d78368d3e2,betrivers,Purdue Boilermakers,USC Trojans,,,2025-02-06 22:03:22.218807,,,,,87.11,12.89,,
NCAAB,c1ac9e5a13e4fc4736da7c098b59df12,betrivers,UConn Huskies,St. John's Red Storm,-141.0,116.0,2025-02-06 22:03:22.218807,58.51,46.3,55.82,44.18,55.64,44.36,-2.87,-1.94
NCAAB,efeb146e101201006d7d7f9618424b20,betrivers,Boise State Broncos,San José St Spartans,,,2025-02-06 22:03:22.218807,,,,,87.17,12.83,,
NCAAB,1e87e39951b9e3d34caf54ef53ec6a98,betrivers,Saint Joseph's Hawks,Saint Louis Billikens,-215.0,175.0,2025-02-06 22:03:22.218807,68.25,36.36,65.24,34.76,66.65,33.35,-1.6,-3.01
NCAAB,1ddf39195e1b0c9e3aa07b0076da62d6,betrivers,Fresno St Bulldogs,Utah State Aggies,600.0,-1000.0,2025-02-06 22:03:22.218807,14.29,90.91,13.58,86.42,14.37,85.63,0.08,-5.28
NCAAB,b4a08ed398e9c0d72468a7154d6e70ce,betrivers,Kansas St Wildcats,Kansas Jayhawks,,,2025-02-06 22:03:22.218807,,,,,36.56,63.44,,
NCAAB,47d2c8c50c01497753114dc72588d841,betrivers,Auburn Tigers,Florida Gators,,,2025-02-06 22:03:22.218807,,,,,78.36,21.64,,
NCAAB,677cc4c66e4d0d55a76cb6faba6e795a,betrivers,Clemson Tigers,Duke Blue Devils,,,2025-02-06 22:03:22.218807,,,,,28.56,71.44,,
NCAAB,d9f90ffa800147a5b71c578a124cd22f,ballybet,Utah Tech Trailblazers,Abilene Christian Wildcats,,,2025-02-06 22:03:22.218807,,,,,,,,
NCAAB,9d25c1fc86a0e3699261ca0f883d04f4,ballybet,Tenn-Martin Skyhawks,Lindenwood Lions,-385.0,260.0,2025-02-06 22:03:22.218807,79.38,27.78,74.08,25.92,65.06,34.94,-14.32,7.16
NCAAB,c6962db1d2054fb2f64c034f4122b9b0,ballybet,Gonzaga Bulldogs,Loyola Marymount Lions,,,2025-02-06 22:03:22.218807,,,,,,,,
NCAAB,ce1ec61e7cca36f6536c8da39bfa9a43,ballybet,Eastern Washington Eagles,Sacramento St Hornets,-210.0,155.0,2025-02-06 22:03:22.218807,67.74,39.22,63.33,36.67,73.34,26.66,5.6,-12.56
NCAAB,a8a955d9e27e412901e2879f7b83afd1,ballybet,Denver Pioneers,South Dakota Coyotes,,,2025-02-06 22:03:22.218807,,,,,5.54,94.46,,
NCAAB,457ecb627b559c09c6ff167c2456e49c,ballybet,UNC Asheville Bulldogs,Gardner-Webb Bulldogs,,,2025-02-06 22:03:22.218807,,,,,96.45,3.55,,
NCAAB,77a0689fa63576f4472864f1668c2760,ballybet,San Francisco Dons,Saint Mary's Gaels,-670.0,420.0,2025-02-06 22:03:22.218807,87.01,19.23,81.9,18.1,70.9,29.1,-16.11,9.87
NCAAB,a0f644a17c835d9b6f9e602042670dca,ballybet,CSU Bakersfield Roadrunners,UC Santa Barbara Gauchos,750.0,-1667.0,2025-02-06 22:03:22.218807,11.76,94.34,11.08,88.92,12.04,87.96,0.28,-6.38
NCAAB,af0aa676fc80b99e1dd4578087952efa,ballybet,Pacific Tigers,San Diego Toreros,-120.0,-112.0,2025-02-06 22:03:22.218807,54.55,52.83,50.8,49.2,51.65,48.35,-2.9,-4.48
NCAAB,18da51245b432dc473891eee8d67e7ad,ballybet,Seattle Redhawks,Tarleton State Texans,,,2025-02-06 22:03:22.218807,,,,,96.0,4.0,,
NCAAB,a5b005b38b8e289f8a3b2b5310fa5f0e,ballybet,Cal Poly Mustangs,Hawai'i Rainbow Warriors,-122.0,-107.0,2025-02-06 22:03:22.218807,54.95,51.69,51.53,48.47,49.25,50.75,-5.7,-0.94
NCAAB,035fd833bb584ebe20149559ba67c041,ballybet,CSU Northridge Matadors,CSU Fullerton Titans,,,2025-02-06 22:03:22.218807,,,,,96.58,3.42,,
NCAAB,84313ea8d2ff7e8e6836073dd4d2a318,ballybet,UC San Diego Tritons,UC Riverside Highlanders,,,2025-02-06 22:03:22.218807,,,,,82.96,17.04,,
NCAAB,ff2aabf65bba23e1e33df069f354c07c,ballybet,Long Beach St 49ers,UC Davis Aggies,,,2025-02-06 22:03:22.218807,,,,,45.6,54.4,,
NCAAB,ed56898315b4b626638775ad4bce187b,ballybet,Portland Pilots,Santa Clara Broncos,,,2025-02-06 22:03:22.218807,,,,,5.87,94.13,,
NCAAB,6c74299ec226ef6af381c081e8023341,ballybet,Cal Baptist Lancers,Southern Utah Thunderbirds,,,2025-02-06 22:03:22.218807,,,,,64.13,35.87,,
NCAAB,faacbed24080f5b7f3e9a746a229a58e,ballybet,Tennessee Tech Golden Eagles,SIU-Edwardsville Cougars,390.0,-625.0,2025-02-06 22:03:22.218807,20.41,86.21,19.14,80.86,23.28,76.72,2.87,-9.49
NCAAB,7fec38717762065f5614261404888f04,ballybet,Oregon St Beavers,Washington St Cougars,-275.0,215.0,2025-02-06 22:03:22.218807,73.33,31.75,69.78,30.22,69.29,30.71,-4.04,-1.04
NCAAB,594809e71a2a1c1beb3ad1cd406d70ec,ballybet,Dayton Flyers,VCU Rams,110.0,-134.0,2025-02-06 22:03:22.218807,47.62,57.26,45.4,54.6,45.89,54.11,-1.73,-3.15
NCAAB,cf615e2c869e2c64b01f158665b11f50,ballybet,Pennsylvania Quakers,Princeton Tigers,240.0,-315.0,2025-02-06 22:03:22.218807,29.41,75.9,27.93,72.07,27.32,72.68,-2.09,-3.22
NCAAB,2d0123ebbafe3fab20ed38d78368d3e2,ballybet,Purdue Boilermakers,USC Trojans,,,2025-02-06 22:03:22.218807,,,,,87.11,12.89,,
NCAAB,c1ac9e5a13e4fc4736da7c098b59df12,ballybet,UConn Huskies,St. John's Red Storm,-141.0,116.0,2025-02-06 22:03:22.218807,58.51,46.3,55.82,44.18,55.64,44.36,-2.87,-1.94
NCAAB,efeb146e101201006d7d7f9618424b20,ballybet,Boise State Broncos,San José St Spartans,,,2025-02-06 22:03:22.218807,,,,,87.17,12.83,,
NCAAB,1e87e39951b9e3d34caf54ef53ec6a98,ballybet,Saint Joseph's Hawks,Saint Louis Billikens,-215.0,175.0,2025-02-06 22:03:22.218807,68.25,36.36,65.24,34.76,66.65,33.35,-1.6,-3.01
NCAAB,1ddf39195e1b0c9e3aa07b0076da62d6,ballybet,Fresno St Bulldogs,Utah State Aggies,600.0,-1000.0,2025-02-06 22:03:22.218807,14.29,90.91,13.58,86.42,14.37,85.63,0.08,-5.28
NCAAB,b4a08ed398e9c0d72468a7154d6e70ce,ballybet,Kansas St Wildcats,Kansas Jayhawks,,,2025-02-06 22:03:22.218807,,,,,36.56,63.44,,
NCAAB,47d2c8c50c01497753114dc72588d841,ballybet,Auburn Tigers,Florida Gators,,,2025-02-06 22:03:22.218807,,,,,78.36,21.64,,
NCAAB,677cc4c66e4d0d55a76cb6faba6e795a,ballybet,Clemson Tigers,Duke Blue Devils,,,2025-02-06 22:03:22.218807,,,,,28.56,71.44,,
